loss,compile_metrics,epoch,step,auc_2,binary_accuracy,recall_2
0.7585688829421997,0,0,0,0.59375,0.5625,0.5625
0.6297487020492554,0,0,100,0.7114826440811157,0.6497524976730347,0.6497524976730347
0.6039157509803772,0,0,200,0.7396718263626099,0.6728855967521667,0.6728855967521667
0.5893136858940125,0,0,300,0.7564786076545715,0.6872923374176025,0.6872923374176025
0.5741918087005615,0,0,400,0.7746374607086182,0.6995012760162354,0.6995012760162354
0.564522922039032,0,0,500,0.7851487994194031,0.7060878276824951,0.7060878276824951
0.5564701557159424,0,0,600,0.7945048809051514,0.7146422863006592,0.7146422863006592
0.546958327293396,0,0,700,0.8047068119049072,0.7212018370628357,0.7212018370628357
0.5402259230613708,0,0,800,0.8112670183181763,0.7258895039558411,0.7258895039558411
0.5333702564239502,0,0,900,0.8182466626167297,0.7322419285774231,0.7322419285774231
0.5262686610221863,0,0,1000,0.8253428339958191,0.7386987805366516,0.7386987805366516
0.5190431475639343,0,0,1100,0.8321133852005005,0.7440962791442871,0.7440962791442871
0.514114499092102,0,0,1200,0.836320161819458,0.7472418546676636,0.7472418546676636
0.5089924335479736,0,0,1300,0.8405826091766357,0.7505764961242676,0.7505764961242676
0.503989577293396,0,0,1400,0.844713032245636,0.7547287940979004,0.7547287940979004
0.4985077977180481,0,0,1500,0.8493047952651978,0.7589939832687378,0.7589939832687378
0.4938671588897705,0,0,1600,0.8529752492904663,0.7622189521789551,0.7622189521789551
0.4899566173553467,0,0,1700,0.8558046817779541,0.7645502686500549,0.7645502686500549
0.4845433831214905,0,0,1800,0.8601021766662598,0.7686354517936707,0.7686354517936707
0.4800967276096344,0,0,1900,0.8632861375808716,0.7716004848480225,0.7716004848480225
0.47566094994544983,0,0,2000,0.8664602041244507,0.774550199508667,0.774550199508667
0.4711088240146637,0,0,2100,0.8697090148925781,0.7774571776390076,0.7774571776390076
0.4664999842643738,0,0,2200,0.8729171752929688,0.7802419066429138,0.7802419066429138
0.4617860019207001,0,0,2300,0.8762142658233643,0.7836266756057739,0.7836266756057739
0.4574187099933624,0,0,2400,0.8791154623031616,0.7866513729095459,0.7866513729095459
0.45370426774024963,0,0,2500,0.8814420700073242,0.7888594269752502,0.7888594269752502
0.4497254192829132,0,0,2600,0.8839974403381348,0.7914984822273254,0.7914984822273254
0.4463353455066681,0,0,2700,0.8859840035438538,0.7936180830001831,0.7936180830001831
0.4423953592777252,0,0,2800,0.888422429561615,0.7960996031761169,0.7960996031761169
0.43891844153404236,0,0,2900,0.8904619216918945,0.7983022928237915,0.7983022928237915
0.4351256787776947,0,0,3000,0.8926810026168823,0.8003790378570557,0.8003790378570557
0.43167898058891296,0,0,3100,0.8946323394775391,0.8023017048835754,0.8023017048835754
0.4282590448856354,0,0,3200,0.8965409398078918,0.8041627407073975,0.8041627407073975
0.42513659596443176,0,0,3300,0.8982622027397156,0.806195080280304,0.806195080280304
0.4217844307422638,0,0,3400,0.9001417756080627,0.8083468079566956,0.8083468079566956
0.41917890310287476,0,0,3500,0.9014440774917603,0.8098579049110413,0.8098579049110413
0.4168316423892975,0,0,3600,0.9025397300720215,0.811042070388794,0.811042070388794
0.4143216609954834,0,0,3700,0.9037560820579529,0.8122129440307617,0.8122129440307617
0.41120192408561707,0,0,3800,0.9054285287857056,0.8141278624534607,0.8141278624534607
0.47354912757873535,0,1,3833,0.859375,0.75,0.75
0.3187236487865448,0,1,3933,0.9446089267730713,0.8632425665855408,0.8632425665855408
0.3062030076980591,0,1,4033,0.9504367113113403,0.8743780851364136,0.8743780851364136
0.3066507577896118,0,1,4133,0.9497309327125549,0.8739618062973022,0.8739618062973022
0.30343300104141235,0,1,4233,0.9511476755142212,0.8746882677078247,0.8746882677078247
0.3032909631729126,0,1,4333,0.9509513974189758,0.8742514848709106,0.8742514848709106
0.30168023705482483,0,1,4433,0.9514511227607727,0.8761439323425293,0.8761439323425293
0.29913613200187683,0,1,4533,0.952427089214325,0.8772289752960205,0.8772289752960205
0.2971062660217285,0,1,4633,0.9531131386756897,0.8779650330543518,0.8779650330543518
0.2945976257324219,0,1,4733,0.954107940196991,0.8789539337158203,0.8789539337158203
0.2942487597465515,0,1,4833,0.9539963603019714,0.8787462711334229,0.8787462711334229
0.29285120964050293,0,1,4933,0.9543963670730591,0.8796548843383789,0.8796548843383789
0.2917321026325226,0,1,5033,0.954749584197998,0.8798397183418274,0.8798397183418274
0.2913816571235657,0,1,5133,0.9546548128128052,0.8801883459091187,0.8801883459091187
0.2901918292045593,0,1,5233,0.9549623727798462,0.880799412727356,0.880799412727356
0.2892846167087555,0,1,5333,0.9552700519561768,0.8814123868942261,0.8814123868942261
0.2878437340259552,0,1,5433,0.9557115435600281,0.8822610974311829,0.8822610974311829
0.287456214427948,0,1,5533,0.9557004570960999,0.8823118805885315,0.8823118805885315
0.28601765632629395,0,1,5633,0.9561426639556885,0.8830510973930359,0.8830510973930359
0.28535911440849304,0,1,5733,0.9562665224075317,0.8834494948387146,0.8834494948387146
0.2847195565700531,0,1,5833,0.9563424587249756,0.883870542049408,0.883870542049408
0.28353986144065857,0,1,5933,0.9567081928253174,0.884638249874115,0.884638249874115
0.28322410583496094,0,1,6033,0.9566870927810669,0.884654700756073,0.884654700756073
0.28166651725769043,0,1,6133,0.9572445154190063,0.8851857781410217,0.8851857781410217
0.2802349627017975,0,1,6233,0.9577086567878723,0.8859589695930481,0.8859589695930481
0.2798287868499756,0,1,6333,0.9577237963676453,0.8861955404281616,0.8861955404281616
0.278787225484848,0,1,6433,0.9580641388893127,0.8867262601852417,0.8867262601852417
0.27875956892967224,0,1,6533,0.9579434990882874,0.8864309787750244,0.8864309787750244
0.2780805230140686,0,1,6633,0.9580948352813721,0.8870269656181335,0.8870269656181335
0.2780781388282776,0,1,6733,0.9579169154167175,0.887172520160675,0.887172520160675
0.27681899070739746,0,1,6833,0.9582995772361755,0.887787401676178,0.887787401676178
0.27559250593185425,0,1,6933,0.95868980884552,0.8883222937583923,0.8883222937583923
0.2747839391231537,0,1,7033,0.9588942527770996,0.8888628482818604,0.8888628482818604
0.27364417910575867,0,1,7133,0.9592406749725342,0.889313817024231,0.889313817024231
0.2725910544395447,0,1,7233,0.9595475196838379,0.8897566795349121,0.8897566795349121
0.27186042070388794,0,1,7333,0.9597226977348328,0.8901742100715637,0.8901742100715637
0.2713305652141571,0,1,7433,0.9598355889320374,0.8903082609176636,0.8903082609176636
0.271015465259552,0,1,7533,0.9598207473754883,0.8904519081115723,0.8904519081115723
0.2700658142566681,0,1,7633,0.9600932598114014,0.8907853364944458,0.8907853364944458
0.23616665601730347,0,2,7666,0.97265625,0.9375,0.9375
0.2520861029624939,0,2,7766,0.9641244411468506,0.8929455280303955,0.8929455280303955
0.24330441653728485,0,2,7866,0.9670558571815491,0.8995646834373474,0.8995646834373474
0.24644812941551208,0,2,7966,0.9657322764396667,0.89991694688797,0.89991694688797
0.243734210729599,0,2,8066,0.9666053652763367,0.8994700908660889,0.8994700908660889
0.24461935460567474,0,2,8166,0.9662283658981323,0.8987026214599609,0.8987026214599609
0.2432238757610321,0,2,8266,0.9663076996803284,0.8993344306945801,0.8993344306945801
0.24282416701316833,0,2,8366,0.9663236737251282,0.8992510437965393,0.8992510437965393
0.24350783228874207,0,2,8466,0.966071367263794,0.9000468254089355,0.9000468254089355
0.24294638633728027,0,2,8566,0.9662689566612244,0.9004577994346619,0.9004577994346619
0.24488568305969238,0,2,8666,0.9655353426933289,0.8990384340286255,0.8990384340286255
0.24453522264957428,0,2,8766,0.9655085802078247,0.8989555239677429,0.8989555239677429
0.2427448183298111,0,2,8866,0.9661274552345276,0.9010199904441833,0.9010199904441833
0.24267320334911346,0,2,8966,0.966124951839447,0.9007014036178589,0.9007014036178589
0.24122188985347748,0,2,9066,0.9665146470069885,0.9017665982246399,0.9017665982246399
0.24162086844444275,0,2,9166,0.9663735628128052,0.9012741446495056,0.9012741446495056
0.24107645452022552,0,2,9266,0.9665034413337708,0.9020143747329712,0.9020143747329712
0.2403802126646042,0,2,9366,0.9666802287101746,0.902741014957428,0.902741014957428
0.23998217284679413,0,2,9466,0.9667749404907227,0.9029358625411987,0.9029358625411987
0.2395557165145874,0,2,9566,0.9668974876403809,0.9029787182807922,0.9029787182807922
0.2391258329153061,0,2,9666,0.966911792755127,0.9031421542167664,0.9031421542167664
0.23881304264068604,0,2,9766,0.9669403433799744,0.9031711220741272,0.9031711220741272
0.23798497021198273,0,2,9866,0.967126727104187,0.9032542109489441,0.9032542109489441
0.23659610748291016,0,2,9966,0.9675781726837158,0.9041992425918579,0.9041992425918579
0.23585392534732819,0,2,10066,0.967796266078949,0.9044408798217773,0.9044408798217773
0.23583291471004486,0,2,10166,0.9677616953849792,0.9041383266448975,0.9041383266448975
0.23598603904247284,0,2,10266,0.9677069783210754,0.9041474461555481,0.9041474461555481
0.23607458174228668,0,2,10366,0.9676234722137451,0.9038318991661072,0.9038318991661072
0.23602592945098877,0,2,10466,0.967583954334259,0.9040744304656982,0.9040744304656982
0.23522453010082245,0,2,10566,0.9678114652633667,0.9045372009277344,0.9045372009277344
0.2346256673336029,0,2,10666,0.9679345488548279,0.9050732851028442,0.9050732851028442
0.2350723296403885,0,2,10766,0.9677553176879883,0.9046275615692139,0.9046275615692139
0.23415495455265045,0,2,10866,0.9680174589157104,0.9050296545028687,0.9050296545028687
0.2333904504776001,0,2,10966,0.9682187438011169,0.9053885340690613,0.9053885340690613
0.23243282735347748,0,2,11066,0.9684700965881348,0.9058732986450195,0.9058732986450195
0.2324218451976776,0,2,11166,0.9684228301048279,0.9061518311500549,0.9061518311500549
0.23211243748664856,0,2,11266,0.9685150980949402,0.9063454866409302,0.9063454866409302
0.2312232106924057,0,2,11366,0.9687687158584595,0.9067988395690918,0.9067988395690918
0.23111844062805176,0,2,11466,0.9687612056732178,0.9068008661270142,0.9068008661270142
0.18798618018627167,0,3,11499,0.98046875,0.9375,0.9375
0.23495011031627655,0,3,11599,0.9664736390113831,0.9028465151786804,0.9028465151786804
0.22889702022075653,0,3,11699,0.9678182005882263,0.9036069512367249,0.9036069512367249
0.22692787647247314,0,3,11799,0.9681666493415833,0.9069767594337463,0.9069767594337463
0.22302336990833282,0,3,11899,0.9696669578552246,0.9075748324394226,0.9075748324394226
0.2249717116355896,0,3,11999,0.9691371321678162,0.9074351191520691,0.9074351191520691
0.2246779054403305,0,3,12099,0.9691545963287354,0.9084858298301697,0.9084858298301697
0.22342461347579956,0,3,12199,0.969526469707489,0.9089693427085876,0.9089693427085876
0.2238883674144745,0,3,12299,0.9694321155548096,0.9091760516166687,0.9091760516166687
0.2236996293067932,0,3,12399,0.9694581627845764,0.909128725528717,0.909128725528717
0.22472551465034485,0,3,12499,0.9691420197486877,0.9093406796455383,0.9093406796455383
0.22398188710212708,0,3,12599,0.9693363308906555,0.9101384878158569,0.9101384878158569
0.22370803356170654,0,3,12699,0.9693037867546082,0.9102310538291931,0.9102310538291931
0.222759410738945,0,3,12799,0.9694586396217346,0.9107897877693176,0.9107897877693176
0.22197382152080536,0,3,12899,0.9696476459503174,0.9113579392433167,0.9113579392433167
0.22048714756965637,0,3,12999,0.9701098799705505,0.9117671847343445,0.9117671847343445
0.21946553885936737,0,3,13099,0.9703856706619263,0.912203311920166,0.912203311920166
0.2185286581516266,0,3,13199,0.9706660509109497,0.9128086566925049,0.9128086566925049
0.2172858864068985,0,3,13299,0.9709958434104919,0.9133814573287964,0.9133814573287964
0.21670468151569366,0,3,13399,0.9712145328521729,0.9131049513816833,0.9131049513816833
0.21600574254989624,0,3,13499,0.971360445022583,0.9136369228363037,0.9136369228363037
0.2165195345878601,0,3,13599,0.9711258411407471,0.9133448600769043,0.9133448600769043
0.21692131459712982,0,3,13699,0.9709610342979431,0.9130792617797852,0.9130792617797852
0.2163386195898056,0,3,13799,0.9710649251937866,0.9136516451835632,0.9136516451835632
0.21570952236652374,0,3,13899,0.9712242484092712,0.9141764044761658,0.9141764044761658
0.2151971012353897,0,3,13999,0.9713871479034424,0.9145591855049133,0.9145591855049133
0.21518923342227936,0,3,14099,0.9714078307151794,0.9144559502601624,0.9144559502601624
0.21439790725708008,0,3,14199,0.9716582894325256,0.9145917892456055,0.9145917892456055
0.21409086883068085,0,3,14299,0.9717250466346741,0.9146733283996582,0.9146733283996582
0.21427330374717712,0,3,14399,0.9716359972953796,0.9143614172935486,0.9143614172935486
0.21399667859077454,0,3,14499,0.9717364311218262,0.9143202304840088,0.9143202304840088
0.21337975561618805,0,3,14599,0.9718527793884277,0.9148661494255066,0.9148661494255066
0.21361425518989563,0,3,14699,0.9717292785644531,0.9148508310317993,0.9148508310317993
0.21327601373195648,0,3,14799,0.9717767834663391,0.9149878621101379,0.9149878621101379
0.21241164207458496,0,3,14899,0.9720311760902405,0.9153925180435181,0.9153925180435181
0.21287934482097626,0,3,14999,0.9718415141105652,0.9149528741836548,0.9149528741836548
0.21270762383937836,0,3,15099,0.9719176292419434,0.9147806167602539,0.9147806167602539
0.21321864426136017,0,3,15199,0.9717649221420288,0.9143306016921997,0.9143306016921997
0.2130897492170334,0,3,15299,0.9717720746994019,0.9143481850624084,0.9143481850624084
0.15337136387825012,0,4,15332,0.99609375,0.9375,0.9375
0.20620834827423096,0,4,15432,0.9729059934616089,0.926980197429657,0.926980197429657
0.2018594890832901,0,4,15532,0.9733525514602661,0.9306591749191284,0.9306591749191284
0.19887176156044006,0,4,15632,0.9747086763381958,0.9281561374664307,0.9281561374664307
0.19972467422485352,0,4,15732,0.9746249318122864,0.9269015192985535,0.9269015192985535
0.19870343804359436,0,4,15832,0.9751153588294983,0.9256486892700195,0.9256486892700195
0.19720837473869324,0,4,15932,0.97532719373703,0.9260607361793518,0.9260607361793518
0.1962360441684723,0,4,16032,0.9756057858467102,0.9268901348114014,0.9268901348114014
0.19755855202674866,0,4,16132,0.9752783179283142,0.9263420701026917,0.9263420701026917
0.19804833829402924,0,4,16232,0.9752616286277771,0.92584627866745,0.92584627866745
0.19793318212032318,0,4,16332,0.9753853678703308,0.9253870844841003,0.9253870844841003
0.19767126441001892,0,4,16432,0.9753693342208862,0.9251816272735596,0.9251816272735596
0.19671177864074707,0,4,16532,0.9756469130516052,0.9253226518630981,0.9253226518630981
0.1971556544303894,0,4,16632,0.9754877090454102,0.9254419803619385,0.9254419803619385
0.19566237926483154,0,4,16732,0.9758287668228149,0.9258119463920593,0.9258119463920593
0.19674308598041534,0,4,16832,0.9754210710525513,0.9255496263504028,0.9255496263504028
0.19650256633758545,0,4,16932,0.9754245281219482,0.9254762530326843,0.9254762530326843
0.1967790722846985,0,4,17032,0.9753493070602417,0.9251910448074341,0.9251910448074341
0.19709020853042603,0,4,17132,0.9752504229545593,0.9248334169387817,0.9248334169387817
0.1968662440776825,0,4,17232,0.9752711057662964,0.9247435331344604,0.9247435331344604
0.1979934275150299,0,4,17332,0.9749517440795898,0.9243190884590149,0.9243190884590149
0.19780345261096954,0,4,17432,0.9750325083732605,0.9244704842567444,0.9244704842567444
0.19798573851585388,0,4,17532,0.974982500076294,0.9242673516273499,0.9242673516273499
0.19745691120624542,0,4,17632,0.975084125995636,0.9246794581413269,0.9246794581413269
0.197060689330101,0,4,17732,0.9752123951911926,0.9247969388961792,0.9247969388961792
0.19697557389736176,0,4,17832,0.9752103686332703,0.9248550534248352,0.9248550534248352
0.19655150175094604,0,4,17932,0.9753990769386292,0.9250528812408447,0.9250528812408447
0.1966734677553177,0,4,18032,0.9753588438034058,0.924958348274231,0.924958348274231
0.19652330875396729,0,4,18132,0.9753713011741638,0.9248929023742676,0.9248929023742676
0.1965818703174591,0,4,18232,0.9754000902175903,0.924638032913208,0.924638032913208
0.19599759578704834,0,4,18332,0.9755667448043823,0.9245876669883728,0.9245876669883728
0.19602322578430176,0,4,18432,0.9755188822746277,0.9244800209999084,0.9244800209999084
0.19509994983673096,0,4,18532,0.9757659435272217,0.9247695803642273,0.9247695803642273
0.19475935399532318,0,4,18632,0.9758438467979431,0.9247387051582336,0.9247387051582336
0.19422870874404907,0,4,18732,0.9759734272956848,0.9250771999359131,0.9250771999359131
0.19454438984394073,0,4,18832,0.9758456349372864,0.924967885017395,0.924967885017395
0.19458644092082977,0,4,18932,0.975841760635376,0.9250034689903259,0.9250034689903259
0.1946595311164856,0,4,19032,0.9758060574531555,0.9249864816665649,0.9249864816665649
0.19455668330192566,0,4,19132,0.975835382938385,0.9251183867454529,0.9251183867454529
0.18447308242321014,0,5,19165,0.99609375,0.9375,0.9375
0.2014644742012024,0,5,19265,0.9725183844566345,0.9207921028137207,0.9207921028137207
0.18530571460723877,0,5,19365,0.9779386520385742,0.9287935495376587,0.9287935495376587
0.18581129610538483,0,5,19465,0.9780620336532593,0.9285714030265808,0.9285714030265808
0.1865241974592209,0,5,19565,0.9779161810874939,0.9270573854446411,0.9270573854446411
0.18622270226478577,0,5,19665,0.9779479503631592,0.9258981943130493,0.9258981943130493
0.1827116161584854,0,5,19765,0.9787673950195312,0.9273086786270142,0.9273086786270142
0.1817743480205536,0,5,19865,0.9788888692855835,0.9284949898719788,0.9284949898719788
0.18070244789123535,0,5,19965,0.9790945649147034,0.9290730357170105,0.9290730357170105
0.1815204918384552,0,5,20065,0.9788663983345032,0.9278579354286194,0.9278579354286194
0.17946280539035797,0,5,20165,0.9794186949729919,0.9292582273483276,0.9292582273483276
0.18088071048259735,0,5,20265,0.9789749383926392,0.9287579655647278,0.9287579655647278
0.18023954331874847,0,5,20365,0.9790052175521851,0.9293297529220581,0.9293297529220581
0.1798773556947708,0,5,20465,0.979119598865509,0.9292851686477661,0.9292851686477661
0.17927034199237823,0,5,20565,0.9792399406433105,0.9298714995384216,0.9298714995384216
0.17915694415569305,0,5,20665,0.979293167591095,0.9302548170089722,0.9302548170089722
0.17843946814537048,0,5,20765,0.9795065522193909,0.9303169846534729,0.9303169846534729
0.17841681838035583,0,5,20865,0.9794920086860657,0.9303718209266663,0.9303718209266663
0.17873157560825348,0,5,20965,0.9793246984481812,0.930351197719574,0.930351197719574
0.17992641031742096,0,5,21065,0.978999674320221,0.9301025867462158,0.9301025867462158
0.1801253706216812,0,5,21165,0.9789348244667053,0.9301599264144897,0.9301599264144897
0.17995573580265045,0,5,21265,0.9789112210273743,0.9303010702133179,0.9303010702133179
0.17883680760860443,0,5,21365,0.9791750311851501,0.9307984709739685,0.9307984709739685
0.17877276241779327,0,5,21465,0.9791010022163391,0.9307909607887268,0.9307909607887268
0.1783602237701416,0,5,21565,0.9791882038116455,0.9309923052787781,0.9309923052787781
0.1786324828863144,0,5,21665,0.9791070222854614,0.9307027459144592,0.9307027459144592
0.17841285467147827,0,5,21765,0.9791466593742371,0.9308198690414429,0.9308198690414429
0.17874360084533691,0,5,21865,0.9790594577789307,0.930581271648407,0.930581271648407
0.1791766881942749,0,5,21965,0.9789679646492004,0.9303373694419861,0.9303373694419861
0.17880702018737793,0,5,22065,0.9790401458740234,0.9307351112365723,0.9307351112365723
0.17853675782680511,0,5,22165,0.9791215658187866,0.9306689500808716,0.9306689500808716
0.17824359238147736,0,5,22265,0.9792316555976868,0.9308086037635803,0.9308086037635803
0.17876292765140533,0,5,22365,0.9790986776351929,0.930627167224884,0.930627167224884
0.17895233631134033,0,5,22465,0.9790394902229309,0.9306081533432007,0.9306081533432007
0.17898344993591309,0,5,22565,0.979028582572937,0.9305534958839417,0.9305534958839417
0.17913062870502472,0,5,22665,0.9790127277374268,0.9302341938018799,0.9302341938018799
0.1791187822818756,0,5,22765,0.9790350198745728,0.9301756620407104,0.9301756620407104
0.17858454585075378,0,5,22865,0.9791609644889832,0.9304580092430115,0.9304580092430115
0.1782366782426834,0,5,22965,0.9792324304580688,0.9305939078330994,0.9305939078330994
0.11396991461515427,0,6,22998,0.99609375,0.9375,0.9375
0.18233278393745422,0,6,23098,0.9764435887336731,0.9226484894752502,0.9226484894752502
0.18257836997509003,0,6,23198,0.9773061275482178,0.9263059496879578,0.9263059496879578
0.17650888860225677,0,6,23298,0.9786864519119263,0.9300249218940735,0.9300249218940735
0.1711101233959198,0,6,23398,0.9797555208206177,0.9331359267234802,0.9331359267234802
0.17215955257415771,0,6,23498,0.9795719385147095,0.932634711265564,0.932634711265564
0.1730155199766159,0,6,23598,0.9795399904251099,0.9320923686027527,0.9320923686027527
0.1726510375738144,0,6,23698,0.9796204566955566,0.9325071573257446,0.9325071573257446
0.1738218367099762,0,6,23798,0.9794679284095764,0.9321160912513733,0.9321160912513733
0.1731778383255005,0,6,23898,0.9797917008399963,0.9321587085723877,0.9321587085723877
0.1724863350391388,0,6,23998,0.9798888564109802,0.9330044984817505,0.9330044984817505
0.17336522042751312,0,6,24098,0.9794796109199524,0.9332993030548096,0.9332993030548096
0.17178316414356232,0,6,24198,0.97981196641922,0.9339092373847961,0.9339092373847961
0.17114533483982086,0,6,24298,0.9799999594688416,0.9337048530578613,0.9337048530578613
0.17135168612003326,0,6,24398,0.9799794554710388,0.9336188435554504,0.9336188435554504
0.17200471460819244,0,6,24498,0.9798155426979065,0.9335026741027832,0.9335026741027832
0.17234168946743011,0,6,24598,0.9797173142433167,0.9330887198448181,0.9330887198448181
0.1725783348083496,0,6,24698,0.9797140955924988,0.9330173134803772,0.9330173134803772
0.17166471481323242,0,6,24798,0.979944109916687,0.9335785508155823,0.9335785508155823
0.17141862213611603,0,6,24898,0.9799667000770569,0.9337520003318787,0.9337520003318787
0.17050284147262573,0,6,24998,0.9802979826927185,0.9340329766273499,0.9340329766273499
0.16926704347133636,0,6,25098,0.9806758165359497,0.9347334504127502,0.9347334504127502
0.1690068244934082,0,6,25198,0.9807398915290833,0.9348875284194946,0.9348875284194946
0.16841745376586914,0,6,25298,0.9808766841888428,0.9351097345352173,0.9351097345352173
0.1686163693666458,0,6,25398,0.9807847142219543,0.9348448514938354,0.9348448514938354
0.16847333312034607,0,6,25498,0.9808400869369507,0.9346011877059937,0.9346011877059937
0.1678045243024826,0,6,25598,0.9809595346450806,0.9350489974021912,0.9350489974021912
0.1671101152896881,0,6,25698,0.9811974763870239,0.9349546432495117,0.9349546432495117
0.16714143753051758,0,6,25798,0.9811579585075378,0.9350008964538574,0.9350008964538574
0.16682063043117523,0,6,25898,0.9812303185462952,0.935194730758667,0.935194730758667
0.16684195399284363,0,6,25998,0.9812254905700684,0.9350216388702393,0.9350216388702393
0.16677986085414886,0,6,26098,0.9811917543411255,0.9351822137832642,0.9351822137832642
0.166954904794693,0,6,26198,0.9810954928398132,0.9351374506950378,0.9351374506950378
0.166630819439888,0,6,26298,0.9812111854553223,0.9351332783699036,0.9351332783699036
0.16598065197467804,0,6,26398,0.9813504815101624,0.9355520606040955,0.9355520606040955
0.16683906316757202,0,6,26498,0.9810724854469299,0.9353042244911194,0.9353042244911194
0.16709159314632416,0,6,26598,0.981015682220459,0.9352610111236572,0.9352610111236572
0.16757406294345856,0,6,26698,0.9808677434921265,0.9351695775985718,0.9351695775985718
0.1675114631652832,0,6,26798,0.9808521866798401,0.9352144002914429,0.9352144002914429
0.12174098938703537,0,7,26831,0.99609375,0.9375,0.9375
0.16435028612613678,0,7,26931,0.9793354868888855,0.9368811845779419,0.9368811845779419
0.16557559370994568,0,7,27031,0.9802898168563843,0.9359452724456787,0.9359452724456787
0.16542242467403412,0,7,27131,0.9808958172798157,0.9360465407371521,0.9360465407371521
0.16325707733631134,0,7,27231,0.9818612933158875,0.9354737997055054,0.9354737997055054
0.16485601663589478,0,7,27331,0.9811407923698425,0.9357534646987915,0.9357534646987915
0.1662927120923996,0,7,27431,0.9810854196548462,0.9345881938934326,0.9345881938934326
0.166654571890831,0,7,27531,0.9810137152671814,0.9350035786628723,0.9350035786628723
0.16922378540039062,0,7,27631,0.9803444743156433,0.9339887499809265,0.9339887499809265
0.16805411875247955,0,7,27731,0.9806351661682129,0.9341009855270386,0.9341009855270386
0.16778934001922607,0,7,27831,0.9807612299919128,0.9338786005973816,0.9338786005973816
0.1694815456867218,0,7,27931,0.9804544448852539,0.9336966276168823,0.9336966276168823
0.16918250918388367,0,7,28031,0.9804099202156067,0.9347939491271973,0.9347939491271973
0.16707473993301392,0,7,28131,0.9808785915374756,0.93586665391922,0.93586665391922
0.16766619682312012,0,7,28231,0.980679988861084,0.9354032874107361,0.9354032874107361
0.16571852564811707,0,7,28331,0.9811660647392273,0.9365006685256958,0.9365006685256958
0.1647377908229828,0,7,28431,0.9814084768295288,0.9368363618850708,0.9368363618850708
0.16437920928001404,0,7,28531,0.981438398361206,0.9372060298919678,0.9372060298919678
0.1643860936164856,0,7,28631,0.981537938117981,0.9370141625404358,0.9370141625404358
0.16364766657352448,0,7,28731,0.9817114472389221,0.9372369647026062,0.9372369647026062
0.1633918136358261,0,7,28831,0.9816942811012268,0.9374687671661377,0.9374687671661377
0.16374559700489044,0,7,28931,0.9816853404045105,0.9376487135887146,0.9376487135887146
0.16364046931266785,0,7,29031,0.981704592704773,0.937556803226471,0.937556803226471
0.16229277849197388,0,7,29131,0.9820515513420105,0.9383692145347595,0.9383692145347595
0.16199754178524017,0,7,29231,0.9821483492851257,0.9383069276809692,0.9383069276809692
0.16230639815330505,0,7,29331,0.9820884466171265,0.9381747245788574,0.9381747245788574
0.16094200313091278,0,7,29431,0.9824586510658264,0.9386293888092041,0.9386293888092041
0.1601891964673996,0,7,29531,0.9825912117958069,0.9388652443885803,0.9388652443885803
0.15981939435005188,0,7,29631,0.9826679825782776,0.9390619397163391,0.9390619397163391
0.15907250344753265,0,7,29731,0.9828436374664307,0.9394389986991882,0.9394389986991882
0.15831123292446136,0,7,29831,0.9829371571540833,0.9396867752075195,0.9396867752075195
0.15830174088478088,0,7,29931,0.9829205274581909,0.9396565556526184,0.9396565556526184
0.15860983729362488,0,7,30031,0.982792317867279,0.9394720196723938,0.9394720196723938
0.15829059481620789,0,7,30131,0.9828493595123291,0.939677357673645,0.939677357673645
0.15812963247299194,0,7,30231,0.9828728437423706,0.9397052526473999,0.9397052526473999
0.15846091508865356,0,7,30331,0.9828001856803894,0.9395886659622192,0.9395886659622192
0.15891055762767792,0,7,30431,0.9827128052711487,0.9394091963768005,0.9394091963768005
0.1589280217885971,0,7,30531,0.9826824069023132,0.9394758343696594,0.9394758343696594
0.15862807631492615,0,7,30631,0.9827834367752075,0.9395225048065186,0.9395225048065186
0.06276310980319977,0,8,30664,1.0,1.0,1.0
0.15203797817230225,0,8,30764,0.9831087589263916,0.9449257254600525,0.9449257254600525
0.15741966664791107,0,8,30864,0.9815694689750671,0.9421641826629639,0.9421641826629639
0.1650330126285553,0,8,30964,0.9801409840583801,0.9377076625823975,0.9377076625823975
0.16365353763103485,0,8,31064,0.9805594086647034,0.9379675984382629,0.9379675984382629
0.16042576730251312,0,8,31164,0.9813591241836548,0.9388722777366638,0.9388722777366638
0.16169698536396027,0,8,31264,0.9810288548469543,0.9375,0.9375
0.1639655977487564,0,8,31364,0.9804627299308777,0.9366976022720337,0.9366976022720337
0.1624407023191452,0,8,31464,0.9807211756706238,0.9379681944847107,0.9379681944847107
0.16297540068626404,0,8,31564,0.9806421399116516,0.9374306201934814,0.9374306201934814
0.1622168868780136,0,8,31664,0.9808707237243652,0.9377497434616089,0.9377497434616089
0.16277047991752625,0,8,31764,0.9808642864227295,0.9375,0.9375
0.16119252145290375,0,8,31864,0.981205403804779,0.9382805824279785,0.9382805824279785
0.16054758429527283,0,8,31964,0.9813905358314514,0.9386048913002014,0.9386048913002014
0.1625456064939499,0,8,32064,0.980754017829895,0.9379907250404358,0.9379907250404358
0.16136540472507477,0,8,32164,0.9809483289718628,0.9385409951210022,0.9385409951210022
0.1596747785806656,0,8,32264,0.9814236760139465,0.9390224814414978,0.9390224814414978
0.15995685756206512,0,8,32364,0.9813758730888367,0.9388227462768555,0.9388227462768555
0.15940813720226288,0,8,32464,0.9814814329147339,0.939026951789856,0.939026951789856
0.1594851315021515,0,8,32564,0.9814797639846802,0.9388151168823242,0.9388151168823242
0.15921713411808014,0,8,32664,0.9815575480461121,0.9388430714607239,0.9388430714607239
0.158992737531662,0,8,32764,0.9814696907997131,0.939314603805542,0.939314603805542
0.15819035470485687,0,8,32864,0.9816199541091919,0.9396013021469116,0.9396013021469116
0.15736447274684906,0,8,32964,0.9818688035011292,0.9397273063659668,0.9397273063659668
0.15735433995723724,0,8,33064,0.9818755388259888,0.9397907257080078,0.9397907257080078
0.15785083174705505,0,8,33164,0.9818133115768433,0.9397491216659546,0.9397491216659546
0.15732735395431519,0,8,33264,0.9820029139518738,0.9399269223213196,0.9399269223213196
0.15754038095474243,0,8,33364,0.9819455742835999,0.9397676587104797,0.9397676587104797
0.15747010707855225,0,8,33464,0.982023298740387,0.9397536516189575,0.9397536516189575
0.157832533121109,0,8,33564,0.9819456934928894,0.9397405982017517,0.9397405982017517
0.1572815328836441,0,8,33664,0.9820837378501892,0.9398742318153381,0.9398742318153381
0.15712696313858032,0,8,33764,0.9820859432220459,0.9400596618652344,0.9400596618652344
0.1567402482032776,0,8,33864,0.9821817874908447,0.9402725696563721,0.9402725696563721
0.15641991794109344,0,8,33964,0.9822661280632019,0.9404726028442383,0.9404726028442383
0.15576380491256714,0,8,34064,0.9824203252792358,0.9408078789710999,0.9408078789710999
0.15601056814193726,0,8,34164,0.9823675751686096,0.9407490491867065,0.9407490491867065
0.15520840883255005,0,8,34264,0.9825505018234253,0.9412489533424377,0.9412489533424377
0.15499438345432281,0,8,34364,0.9826245903968811,0.9411645531654358,0.9411645531654358
0.15467901527881622,0,8,34464,0.9826497435569763,0.9413641095161438,0.9413641095161438
0.1371462047100067,0,9,34497,0.984375,0.875,0.875
0.15814204514026642,0,9,34597,0.9832292795181274,0.9393564462661743,0.9393564462661743
0.15367914736270905,0,9,34697,0.9834561347961426,0.941231369972229,0.941231369972229
0.1520015448331833,0,9,34797,0.9833993911743164,0.9466361999511719,0.9466361999511719
0.14935985207557678,0,9,34897,0.9841217994689941,0.947786808013916,0.947786808013916
0.14681395888328552,0,9,34997,0.9845548868179321,0.9472305178642273,0.9472305178642273
0.1475127637386322,0,9,35097,0.9844163656234741,0.9458194971084595,0.9458194971084595
0.14647094905376434,0,9,35197,0.9847676157951355,0.945345938205719,0.945345938205719
0.14351795613765717,0,9,35297,0.9855673909187317,0.9463170766830444,0.9463170766830444
0.14391358196735382,0,9,35397,0.9853894710540771,0.9457547068595886,0.9457547068595886
0.14477425813674927,0,9,35497,0.9852820634841919,0.9456793069839478,0.9456793069839478
0.14597249031066895,0,9,35597,0.9849725365638733,0.9451067447662354,0.9451067447662354
0.1461528092622757,0,9,35697,0.9847646355628967,0.9449416995048523,0.9449416995048523
0.14586055278778076,0,9,35797,0.984804630279541,0.9451863765716553,0.9451863765716553
0.14544019103050232,0,9,35897,0.9848625063896179,0.9452623128890991,0.9452623128890991
0.14625661075115204,0,9,35997,0.984557569026947,0.9452864527702332,0.9452864527702332
0.14554396271705627,0,9,36097,0.9847431182861328,0.9451514482498169,0.9451514482498169
0.14663052558898926,0,9,36197,0.9844878911972046,0.9446648955345154,0.9446648955345154
0.14701856672763824,0,9,36297,0.9844493865966797,0.9446141123771667,0.9446141123771667
0.1471453756093979,0,9,36397,0.9844834208488464,0.9444699883460999,0.9444699883460999
0.14731845259666443,0,9,36497,0.9844645261764526,0.9442466497421265,0.9442466497421265
0.14728480577468872,0,9,36597,0.9845173358917236,0.9441932439804077,0.9441932439804077
0.14714182913303375,0,9,36697,0.9845408797264099,0.9443435072898865,0.9443435072898865
0.1466192603111267,0,9,36797,0.9845725297927856,0.9446707963943481,0.9446707963943481
0.14716574549674988,0,9,36897,0.9844797849655151,0.9443461298942566,0.9443461298942566
0.1468433439731598,0,9,36997,0.9845535159111023,0.9442722797393799,0.9442722797393799
0.1462547332048416,0,9,37097,0.9846644401550293,0.9446847438812256,0.9446847438812256
0.14650015532970428,0,9,37197,0.9846133589744568,0.944534420967102,0.944534420967102
0.14656566083431244,0,9,37297,0.984602153301239,0.9444394707679749,0.9444394707679749
0.1458914875984192,0,9,37397,0.9847368597984314,0.9448681473731995,0.9448681473731995
0.14679184556007385,0,9,37497,0.9844964742660522,0.9445393085479736,0.9445393085479736
0.14635929465293884,0,9,37597,0.9846038222312927,0.9448161721229553,0.9448161721229553
0.14689207077026367,0,9,37697,0.9843864440917969,0.9444704651832581,0.9444704651832581
0.14688624441623688,0,9,37797,0.9844071269035339,0.9444108009338379,0.9444108009338379
0.14634861052036285,0,9,37897,0.9844737648963928,0.9447405338287354,0.9447405338287354
0.14719344675540924,0,9,37997,0.9842777252197266,0.9442301988601685,0.9442301988601685
0.14724934101104736,0,9,38097,0.9842894077301025,0.9442342519760132,0.9442342519760132
0.14766982197761536,0,9,38197,0.984164834022522,0.9440354108810425,0.9440354108810425
0.14744602143764496,0,9,38297,0.9841893315315247,0.944126546382904,0.944126546382904
0.08458751440048218,0,10,38330,1.0,1.0,1.0
0.13401174545288086,0,10,38430,0.9887139201164246,0.9560643434524536,0.9560643434524536
0.1393071413040161,0,10,38530,0.9872772693634033,0.950559675693512,0.950559675693512
0.14956066012382507,0,10,38630,0.9845349192619324,0.9489202499389648,0.9489202499389648
0.15459738671779633,0,10,38730,0.9832944869995117,0.9473192095756531,0.9473192095756531
0.15335236489772797,0,10,38830,0.9834872484207153,0.9463573098182678,0.9463573098182678
0.1540948748588562,0,10,38930,0.9831932783126831,0.9445715546607971,0.9445715546607971
0.1542084962129593,0,10,39030,0.9833641648292542,0.9435627460479736,0.9435627460479736
0.15490774810314178,0,10,39130,0.9830555319786072,0.9435080885887146,0.9435080885887146
0.15449918806552887,0,10,39230,0.9831510186195374,0.9429800510406494,0.9429800510406494
0.15323805809020996,0,10,39330,0.9834442138671875,0.9429945349693298,0.9429945349693298
0.1507677584886551,0,10,39430,0.9838309288024902,0.9444822669029236,0.9444822669029236
0.14943070709705353,0,10,39530,0.9840089082717896,0.9447335600852966,0.9447335600852966
0.14819911122322083,0,10,39630,0.9842004179954529,0.9449461698532104,0.9449461698532104
0.14952780306339264,0,10,39730,0.9837831258773804,0.944503903388977,0.944503903388977
0.14790849387645721,0,10,39830,0.9841427206993103,0.9449117183685303,0.9449117183685303
0.14600728452205658,0,10,39930,0.984434962272644,0.9456589818000793,0.9456589818000793
0.1447940170764923,0,10,40030,0.9847065210342407,0.9462448358535767,0.9462448358535767
0.14459095895290375,0,10,40130,0.9846393465995789,0.9463492631912231,0.9463492631912231
0.14448890089988708,0,10,40230,0.9845860004425049,0.9463769197463989,0.9463769197463989
0.1453522890806198,0,10,40330,0.9844088554382324,0.945558488368988,0.945558488368988
0.14578846096992493,0,10,40430,0.9842951893806458,0.945323646068573,0.945323646068573
0.14541687071323395,0,10,40530,0.9843478202819824,0.9454225301742554,0.9454225301742554
0.14457868039608002,0,10,40630,0.9845762848854065,0.945757269859314,0.945757269859314
0.1440516710281372,0,10,40730,0.9847277998924255,0.9460120797157288,0.9460120797157288
0.14427298307418823,0,10,40830,0.9847566485404968,0.945846676826477,0.945846676826477
0.14371077716350555,0,10,40930,0.9849205017089844,0.9461024403572083,0.9461024403572083
0.1434551179409027,0,10,41030,0.9850049018859863,0.9460384845733643,0.9460384845733643
0.14357176423072815,0,10,41130,0.9849616885185242,0.945956826210022,0.945956826210022
0.143147811293602,0,10,41230,0.9850108623504639,0.9460746049880981,0.9460746049880981
0.1432291567325592,0,10,41330,0.985031008720398,0.9460596442222595,0.9460596442222595
0.14308202266693115,0,10,41430,0.9850290417671204,0.9461867213249207,0.9461867213249207
0.14288441836833954,0,10,41530,0.9850788116455078,0.9463644027709961,0.9463644027709961
0.14236687123775482,0,10,41630,0.9851713180541992,0.9465503096580505,0.9465503096580505
0.14259466528892517,0,10,41730,0.985146164894104,0.9465230703353882,0.9465230703353882
0.14295445382595062,0,10,41830,0.9850560426712036,0.9464795589447021,0.9464795589447021
0.14282262325286865,0,10,41930,0.9851035475730896,0.9462475776672363,0.9462475776672363
0.14277394115924835,0,10,42030,0.9851025938987732,0.9461801052093506,0.9461801052093506
0.14274629950523376,0,10,42130,0.9851062893867493,0.9459517002105713,0.9459517002105713
0.05108441412448883,0,11,42163,1.0,1.0,1.0
0.13875092566013336,0,11,42263,0.9852134585380554,0.9474009871482849,0.9474009871482849
0.13106763362884521,0,11,42363,0.9876137375831604,0.948383092880249,0.948383092880249
0.1284872442483902,0,11,42463,0.9879511594772339,0.9522425532341003,0.9522425532341003
0.13066259026527405,0,11,42563,0.9875866770744324,0.9501246809959412,0.9501246809959412
0.13571827113628387,0,11,42663,0.986552894115448,0.9486027956008911,0.9486027956008911
0.13799355924129486,0,11,42763,0.9860698580741882,0.9471713900566101,0.9471713900566101
0.13868418335914612,0,11,42863,0.9858133792877197,0.9465941786766052,0.9465941786766052
0.14145301282405853,0,11,42963,0.985178530216217,0.9448345899581909,0.9448345899581909
0.14065580070018768,0,11,43063,0.9853672385215759,0.9455466270446777,0.9455466270446777
0.13918910920619965,0,11,43163,0.9856337308883667,0.9454920291900635,0.9454920291900635
0.14037396013736725,0,11,43263,0.985530436038971,0.9453905820846558,0.9453905820846558
0.13970883190631866,0,11,43363,0.9855902791023254,0.9452019333839417,0.9452019333839417
0.1392945647239685,0,11,43463,0.9856273531913757,0.9453785419464111,0.9453785419464111
0.13932515680789948,0,11,43563,0.9855842590332031,0.9454407691955566,0.9454407691955566
0.14061178267002106,0,11,43663,0.9853220582008362,0.9449533820152283,0.9449533820152283
0.1406676471233368,0,11,43763,0.9852252006530762,0.9454637765884399,0.9454637765884399
0.14075586199760437,0,11,43863,0.9853013157844543,0.9455834627151489,0.9455834627151489
0.14062461256980896,0,11,43963,0.9852321743965149,0.9458981156349182,0.9458981156349182
0.13984715938568115,0,11,44063,0.9853727221488953,0.9464755654335022,0.9464755654335022
0.1393553912639618,0,11,44163,0.9854461550712585,0.9465579986572266,0.9465579986572266
0.13879480957984924,0,11,44263,0.9855238795280457,0.946840763092041,0.946840763092041
0.13917261362075806,0,11,44363,0.9853844046592712,0.9467571377754211,0.9467571377754211
0.13921315968036652,0,11,44463,0.985343337059021,0.946735143661499,0.946735143661499
0.13906025886535645,0,11,44563,0.9854439496994019,0.9467409253120422,0.9467409253120422
0.13932937383651733,0,11,44663,0.9854142665863037,0.9465963840484619,0.9465963840484619
0.13910061120986938,0,11,44763,0.9854305386543274,0.9464388489723206,0.9464388489723206
0.1395060420036316,0,11,44863,0.9853476881980896,0.9463624358177185,0.9463624358177185
0.1392228752374649,0,11,44963,0.9854022264480591,0.9464476704597473,0.9464476704597473
0.1397092044353485,0,11,45063,0.9853206872940063,0.9462469816207886,0.9462469816207886
0.13981835544109344,0,11,45163,0.9853063821792603,0.9462054371833801,0.9462054371833801
0.13923242688179016,0,11,45263,0.9854675531387329,0.9465494751930237,0.9465494751930237
0.13928668200969696,0,11,45363,0.9854032397270203,0.946637749671936,0.946637749671936
0.1393260359764099,0,11,45463,0.9853640794754028,0.9467207193374634,0.9467207193374634
0.13924027979373932,0,11,45563,0.9853149652481079,0.9469825029373169,0.9469825029373169
0.1393691897392273,0,11,45663,0.9852625131607056,0.9469079971313477,0.9469079971313477
0.13911697268486023,0,11,45763,0.9853602647781372,0.946907103061676,0.946907103061676
0.13902419805526733,0,11,45863,0.98542320728302,0.9468724727630615,0.9468724727630615
0.13927803933620453,0,11,45963,0.9853682518005371,0.9469054341316223,0.9469054341316223
0.07527075707912445,0,12,45996,0.99609375,0.9375,0.9375
0.15187297761440277,0,12,46096,0.9823999404907227,0.9436880946159363,0.9436880946159363
0.155215322971344,0,12,46196,0.9814831018447876,0.9437189102172852,0.9437189102172852
0.1441567838191986,0,12,46296,0.9844801425933838,0.9476743936538696,0.9476743936538696
0.1432110071182251,0,12,46396,0.9847531318664551,0.9476309418678284,0.9476309418678284
0.13723507523536682,0,12,46496,0.9861158132553101,0.9507235288619995,0.9507235288619995
0.13680261373519897,0,12,46596,0.986354649066925,0.9489392638206482,0.9489392638206482
0.1344025582075119,0,12,46696,0.9867565631866455,0.9498929977416992,0.9498929977416992
0.13850164413452148,0,12,46796,0.9856850504875183,0.9487359523773193,0.9487359523773193
0.13771964609622955,0,12,46896,0.9856017231941223,0.9494311809539795,0.9494311809539795
0.1359599381685257,0,12,46996,0.9860140085220337,0.9498001933097839,0.9498001933097839
0.13650205731391907,0,12,47096,0.9857596158981323,0.9498751163482666,0.9498751163482666
0.13595524430274963,0,12,47196,0.9859459400177002,0.9497293829917908,0.9497293829917908
0.13455599546432495,0,12,47296,0.9862973093986511,0.9507110118865967,0.9507110118865967
0.13537299633026123,0,12,47396,0.9859421253204346,0.9507048726081848,0.9507048726081848
0.1346842646598816,0,12,47496,0.9860188364982605,0.9506162405014038,0.9506162405014038
0.13327214121818542,0,12,47596,0.9863799810409546,0.9508119821548462,0.9508119821548462
0.13350576162338257,0,12,47696,0.9862558245658875,0.9510582089424133,0.9510582089424133
0.13354885578155518,0,12,47796,0.9862586855888367,0.9507912397384644,0.9507912397384644
0.13422955572605133,0,12,47896,0.9860879778862,0.9505523443222046,0.9505523443222046
0.13474708795547485,0,12,47996,0.9859548807144165,0.9503061175346375,0.9503061175346375
0.13399909436702728,0,12,48096,0.986148476600647,0.950737714767456,0.950737714767456
0.13480576872825623,0,12,48196,0.9859812259674072,0.9504770636558533,0.9504770636558533
0.13386927545070648,0,12,48296,0.9862121343612671,0.9509180784225464,0.9509180784225464
0.13372409343719482,0,12,48396,0.9862996935844421,0.9508798122406006,0.9508798122406006
0.13397648930549622,0,12,48496,0.9863100051879883,0.9507696628570557,0.9507696628570557
0.13351628184318542,0,12,48596,0.9863814115524292,0.9511726498603821,0.9511726498603821
0.13401827216148376,0,12,48696,0.9862881302833557,0.951106071472168,0.951106071472168
0.134177103638649,0,12,48796,0.9862911105155945,0.9509996175765991,0.9509996175765991
0.13373595476150513,0,12,48896,0.9863707423210144,0.9511375427246094,0.9511375427246094
0.1342739313840866,0,12,48996,0.9862214922904968,0.9510788321495056,0.9510788321495056
0.13444377481937408,0,12,49096,0.986243486404419,0.951084315776825,0.951084315776825
0.13412168622016907,0,12,49196,0.9863168001174927,0.9511090517044067,0.9511090517044067
0.13404534757137299,0,12,49296,0.9863243103027344,0.951037585735321,0.951037585735321
0.13389214873313904,0,12,49396,0.986370861530304,0.9510437846183777,0.9510437846183777
0.13419826328754425,0,12,49496,0.9863133430480957,0.9508711695671082,0.9508711695671082
0.13386209309101105,0,12,49596,0.9863491654396057,0.951072633266449,0.951072633266449
0.13386507332324982,0,12,49696,0.9863237142562866,0.9510942697525024,0.9510942697525024
0.13377483189105988,0,12,49796,0.9863607287406921,0.95111483335495,0.95111483335495
0.1524348258972168,0,13,49829,0.984375,0.875,0.875
0.12592679262161255,0,13,49929,0.9860955476760864,0.9517326951026917,0.9517326951026917
0.12337994575500488,0,13,50029,0.9881231784820557,0.9533582329750061,0.9533582329750061
0.126662939786911,0,13,50129,0.9875766634941101,0.9539036750793457,0.9539036750793457
0.12731797993183136,0,13,50229,0.9871174693107605,0.9535536170005798,0.9535536170005798
0.1286146342754364,0,13,50329,0.9873712062835693,0.9529690742492676,0.9529690742492676
0.13037113845348358,0,13,50429,0.9868065118789673,0.9526830315589905,0.9526830315589905
0.12877172231674194,0,13,50529,0.986965000629425,0.953191876411438,0.953191876411438
0.1288144886493683,0,13,50629,0.9869089126586914,0.9527153372764587,0.9527153372764587
0.12691809237003326,0,13,50729,0.9874233603477478,0.9535932540893555,0.9535932540893555
0.12716762721538544,0,13,50829,0.9875638484954834,0.9536088705062866,0.9536088705062866
0.1273869127035141,0,13,50929,0.9873602986335754,0.9529972672462463,0.9529972672462463
0.12787526845932007,0,13,51029,0.9872952699661255,0.9527477025985718,0.9527477025985718
0.12731727957725525,0,13,51129,0.9873600602149963,0.9528247714042664,0.9528247714042664
0.12671589851379395,0,13,51229,0.9874556660652161,0.9532476663589478,0.9532476663589478
0.12604673206806183,0,13,51329,0.9875860214233398,0.9536975622177124,0.9536975622177124
0.12684987485408783,0,13,51429,0.9873769879341125,0.9533104300498962,0.9533104300498962
0.12561224400997162,0,13,51529,0.9875696301460266,0.9539976716041565,0.9539976716041565
0.12570497393608093,0,13,51629,0.9875490069389343,0.9540532827377319,0.9540532827377319
0.1261732429265976,0,13,51729,0.9874534606933594,0.9535441994667053,0.9535441994667053
0.12647350132465363,0,13,51829,0.9873819351196289,0.9534919857978821,0.9534919857978821
0.12601031363010406,0,13,51929,0.9874891042709351,0.9539207816123962,0.9539207816123962
0.12556616961956024,0,13,52029,0.9875357151031494,0.9542821645736694,0.9542821645736694
0.12584885954856873,0,13,52129,0.9875245690345764,0.9545034766197205,0.9545034766197205
0.12525758147239685,0,13,52229,0.9876745343208313,0.954680323600769,0.954680323600769
0.12578563392162323,0,13,52329,0.9875959157943726,0.9545431733131409,0.9545431733131409
0.1256220042705536,0,13,52429,0.9876354932785034,0.9545847773551941,0.9545847773551941
0.12664638459682465,0,13,52529,0.9874828457832336,0.9540679454803467,0.9540679454803467
0.12711425125598907,0,13,52629,0.9874000549316406,0.9538781046867371,0.9538781046867371
0.12677441537380219,0,13,52729,0.9874811172485352,0.9540891051292419,0.9540891051292419
0.12622177600860596,0,13,52829,0.987591564655304,0.954098641872406,0.954098641872406
0.12646599113941193,0,13,52929,0.987548291683197,0.9539059996604919,0.9539059996604919
0.12666836380958557,0,13,53029,0.9874926209449768,0.9537449479103088,0.9537449479103088
0.126595139503479,0,13,53129,0.9874817728996277,0.9539344310760498,0.9539344310760498
0.12701000273227692,0,13,53229,0.9873059391975403,0.9539105892181396,0.9539105892181396
0.12786635756492615,0,13,53329,0.9871545433998108,0.9533883333206177,0.9533883333206177
0.12738393247127533,0,13,53429,0.9872419238090515,0.953519880771637,0.953519880771637
0.12773017585277557,0,13,53529,0.9871655106544495,0.9534247517585754,0.9534247517585754
0.128218412399292,0,13,53629,0.9870891571044922,0.9531702399253845,0.9531702399253845
0.1420513242483139,0,14,53662,0.98828125,0.9375,0.9375
0.1279265582561493,0,14,53762,0.9858283996582031,0.9554455280303955,0.9554455280303955
0.1372547447681427,0,14,53862,0.9842258095741272,0.9514925479888916,0.9514925479888916
0.1275274008512497,0,14,53962,0.9864338636398315,0.954734206199646,0.954734206199646
0.12645499408245087,0,14,54062,0.986950695514679,0.9546446204185486,0.9546446204185486
0.12554249167442322,0,14,54162,0.9873485565185547,0.9539670944213867,0.9539670944213867
0.12917980551719666,0,14,54262,0.9867684245109558,0.95216304063797,0.95216304063797
0.12787218391895294,0,14,54362,0.9869544506072998,0.9525677561759949,0.9525677561759949
0.1265878528356552,0,14,54462,0.9870966076850891,0.9537296891212463,0.9537296891212463
0.12668170034885406,0,14,54562,0.9870693683624268,0.9537319540977478,0.9537319540977478
0.1258268505334854,0,14,54662,0.9871814846992493,0.9545454382896423,0.9545454382896423
0.12580175697803497,0,14,54762,0.9871476292610168,0.954757034778595,0.954757034778595
0.12586446106433868,0,14,54862,0.9870436787605286,0.9547252058982849,0.9547252058982849
0.1261293739080429,0,14,54962,0.9869937896728516,0.9546022415161133,0.9546022415161133
0.12664282321929932,0,14,55062,0.9870624542236328,0.9540506601333618,0.9540506601333618
0.12728847563266754,0,14,55162,0.9869516491889954,0.9537391662597656,0.9537391662597656
0.12804166972637177,0,14,55262,0.9867343306541443,0.9533494710922241,0.9533494710922241
0.1277051419019699,0,14,55362,0.9868499636650085,0.953887403011322,0.953887403011322
0.12771832942962646,0,14,55462,0.9867796301841736,0.9539839029312134,0.9539839029312134
0.12778158485889435,0,14,55562,0.9867960214614868,0.9538729786872864,0.9538729786872864
0.12736593186855316,0,14,55662,0.986966609954834,0.9539293050765991,0.9539293050765991
0.12731805443763733,0,14,55762,0.9869678616523743,0.9538314938545227,0.9538314938545227
0.12792056798934937,0,14,55862,0.9868305325508118,0.9536006450653076,0.9536006450653076
0.12711815536022186,0,14,55962,0.9869670867919922,0.9539874196052551,0.9539874196052551
0.12717825174331665,0,14,56062,0.9869133234024048,0.9538994431495667,0.9538994431495667
0.12710291147232056,0,14,56162,0.9869294762611389,0.953793466091156,0.953793466091156
0.12721925973892212,0,14,56262,0.9868836402893066,0.9537917971611023,0.9537917971611023
0.12757523357868195,0,14,56362,0.9868873357772827,0.953697681427002,0.953697681427002
0.12825073301792145,0,14,56462,0.9867867827415466,0.953632652759552,0.953632652759552
0.12787510454654694,0,14,56562,0.9868797659873962,0.9537228345870972,0.9537228345870972
0.12797382473945618,0,14,56662,0.9868879914283752,0.9535987973213196,0.9535987973213196
0.12776874005794525,0,14,56762,0.987017035484314,0.9536842703819275,0.9536842703819275
0.12786205112934113,0,14,56862,0.9870248436927795,0.9534130096435547,0.9534130096435547
0.12808552384376526,0,14,56962,0.9870404005050659,0.9531770944595337,0.9531770944595337
0.12788237631320953,0,14,57062,0.9870439171791077,0.9533409476280212,0.9533409476280212
0.12841415405273438,0,14,57162,0.9869251251220703,0.9531562328338623,0.9531562328338623
0.12817424535751343,0,14,57262,0.9869574308395386,0.9532421827316284,0.9532421827316284
0.1283472180366516,0,14,57362,0.9869212508201599,0.9533065557479858,0.9533065557479858
0.1286718100309372,0,14,57462,0.9868582487106323,0.9532524347305298,0.9532524347305298
0.23238329589366913,0,15,57495,0.97265625,0.9375,0.9375
0.12362364679574966,0,15,57595,0.9870818257331848,0.9548267126083374,0.9548267126083374
0.11836239695549011,0,15,57695,0.9882632493972778,0.95802241563797,0.95802241563797
0.12170632928609848,0,15,57795,0.9874441623687744,0.9572259187698364,0.9572259187698364
0.12204427272081375,0,15,57895,0.9878053069114685,0.9558915495872498,0.9558915495872498
0.12307719141244888,0,15,57995,0.9875374436378479,0.9560878276824951,0.9560878276824951
0.12384194135665894,0,15,58095,0.9875196218490601,0.9549708962440491,0.9549708962440491
0.12325490266084671,0,15,58195,0.9875336289405823,0.9551533460617065,0.9551533460617065
0.12546643614768982,0,15,58295,0.9874860048294067,0.9539638161659241,0.9539638161659241
0.12532736361026764,0,15,58395,0.9873719215393066,0.9534544944763184,0.9534544944763184
0.12498487532138824,0,15,58495,0.9875553250312805,0.9540459513664246,0.9540459513664246
0.12372323870658875,0,15,58595,0.9878947138786316,0.9545300006866455,0.9545300006866455
0.1233670562505722,0,15,58695,0.9877699613571167,0.955141544342041,0.955141544342041
0.12102581560611725,0,15,58795,0.9882898330688477,0.9560914635658264,0.9560914635658264
0.12099931389093399,0,15,58895,0.988052248954773,0.9561027884483337,0.9561027884483337
0.12090341001749039,0,15,58995,0.9881009459495544,0.9562374949455261,0.9562374949455261
0.11942169070243835,0,15,59095,0.9884098768234253,0.9568629264831543,0.9568629264831543
0.11976474523544312,0,15,59195,0.9882336854934692,0.9568635821342468,0.9568635821342468
0.12043385207653046,0,15,59295,0.9880030155181885,0.9564825296401978,0.9564825296401978
0.12079022079706192,0,15,59395,0.9880184531211853,0.9559442400932312,0.9559442400932312
0.12171509116888046,0,15,59495,0.9878103137016296,0.9558970332145691,0.9558970332145691
0.12075409293174744,0,15,59595,0.9879868030548096,0.9561518430709839,0.9561518430709839
0.12119592726230621,0,15,59695,0.9878265857696533,0.9559291005134583,0.9559291005134583
0.12177097052335739,0,15,59795,0.987770676612854,0.9558344483375549,0.9558344483375549
0.12161247432231903,0,15,59895,0.9877914190292358,0.9557215571403503,0.9557215571403503
0.1217629611492157,0,15,59995,0.9878199696540833,0.9555177688598633,0.9555177688598633
0.12178394198417664,0,15,60095,0.9878178834915161,0.9554978609085083,0.9554978609085083
0.12173937261104584,0,15,60195,0.9878799319267273,0.9553637504577637,0.9553637504577637
0.12165185064077377,0,15,60295,0.9879698157310486,0.9552391767501831,0.9552391767501831
0.12115903198719025,0,15,60395,0.9880576133728027,0.955467939376831,0.955467939376831
0.12158074229955673,0,15,60495,0.9879655838012695,0.9555356502532959,0.9555356502532959
0.12186809629201889,0,15,60595,0.9879134297370911,0.9554377794265747,0.9554377794265747
0.12179363518953323,0,15,60695,0.9879000186920166,0.9553655385971069,0.9553655385971069
0.12242446094751358,0,15,60795,0.9877188205718994,0.9550514817237854,0.9550514817237854
0.12234419584274292,0,15,60895,0.9877246022224426,0.9552521109580994,0.9552521109580994
0.12216760218143463,0,15,60995,0.9877539873123169,0.9553877711296082,0.9553877711296082
0.12211836129426956,0,15,61095,0.987820029258728,0.9553769826889038,0.9553769826889038
0.12244638055562973,0,15,61195,0.9877718687057495,0.95521479845047,0.95521479845047
0.12259533256292343,0,15,61295,0.9877539873123169,0.9551762938499451,0.9551762938499451
0.2343262881040573,0,16,61328,0.98046875,0.875,0.875
0.1268232762813568,0,16,61428,0.9891889095306396,0.9597772359848022,0.9597772359848022
0.14004452526569366,0,16,61528,0.9853969812393188,0.9502487778663635,0.9502487778663635
0.1333009898662567,0,16,61628,0.9861200451850891,0.9522425532341003,0.9522425532341003
0.12944069504737854,0,16,61728,0.9866411089897156,0.9543328881263733,0.9543328881263733
0.12939205765724182,0,16,61828,0.9866268634796143,0.9544660449028015,0.9544660449028015
0.13005539774894714,0,16,61928,0.9864645004272461,0.9541389346122742,0.9541389346122742
0.13020500540733337,0,16,62028,0.9862635731697083,0.9539051651954651,0.9539051651954651
0.12760885059833527,0,16,62128,0.9867859482765198,0.95443195104599,0.95443195104599
0.12787051498889923,0,16,62228,0.986637532711029,0.9543562531471252,0.9543562531471252
0.12666402757167816,0,16,62328,0.9868667721748352,0.9552322626113892,0.9552322626113892
0.12555772066116333,0,16,62428,0.9871619939804077,0.9559491276741028,0.9559491276741028
0.12449309229850769,0,16,62528,0.987261176109314,0.9565986394882202,0.9565986394882202
0.12341276556253433,0,16,62628,0.9875460863113403,0.9569562077522278,0.9569562077522278
0.12245804816484451,0,16,62728,0.9877040982246399,0.9571734666824341,0.9571734666824341
0.12138617038726807,0,16,62828,0.987914502620697,0.9572784900665283,0.9572784900665283
0.12010370194911957,0,16,62928,0.9880759119987488,0.9579169154167175,0.9579169154167175
0.12037474662065506,0,16,63028,0.9880318641662598,0.9577454328536987,0.9577454328536987
0.12191719561815262,0,16,63128,0.9877551198005676,0.9574195146560669,0.9574195146560669
0.12142882496118546,0,16,63228,0.9878198504447937,0.9573908448219299,0.9573908448219299
0.12071267515420914,0,16,63328,0.9878904223442078,0.9574587941169739,0.9574587941169739
0.12068983912467957,0,16,63428,0.987876296043396,0.9576987028121948,0.9576987028121948
0.12004425376653671,0,16,63528,0.9879328608512878,0.9580020308494568,0.9580020308494568
0.11951594799757004,0,16,63628,0.9879615902900696,0.9580345749855042,0.9580345749855042
0.12047512084245682,0,16,63728,0.9877962470054626,0.9573875665664673,0.9573875665664673
0.12106019258499146,0,16,63828,0.9876835942268372,0.9570921659469604,0.9570921659469604
0.12069238722324371,0,16,63928,0.9878341555595398,0.957252025604248,0.957252025604248
0.12045040726661682,0,16,64028,0.987931489944458,0.9573074579238892,0.9573074579238892
0.12032847106456757,0,16,64128,0.9879093766212463,0.9573143720626831,0.9573143720626831
0.11911153048276901,0,16,64228,0.9881749749183655,0.9579240083694458,0.9579240083694458
0.11877773702144623,0,16,64328,0.9882296323776245,0.9579306840896606,0.9579306840896606
0.11843699216842651,0,16,64428,0.9883553981781006,0.9579570889472961,0.9579570889472961
0.11839047819375992,0,16,64528,0.988334059715271,0.9579232931137085,0.9579232931137085
0.11877607554197311,0,16,64628,0.9882797598838806,0.9578347206115723,0.9578347206115723
0.11868681758642197,0,16,64728,0.9882857203483582,0.9577513933181763,0.9577513933181763
0.11893080174922943,0,16,64828,0.9882318377494812,0.9576728343963623,0.9576728343963623
0.11890564858913422,0,16,64928,0.9882375597953796,0.9577374458312988,0.9577374458312988
0.1192992702126503,0,16,65028,0.988162100315094,0.9577478766441345,0.9577478766441345
0.11919279396533966,0,16,65128,0.9882215857505798,0.9576756358146667,0.9576756358146667
0.08438630402088165,0,17,65161,0.99609375,0.9375,0.9375
0.09988492727279663,0,17,65261,0.9930130839347839,0.9647276997566223,0.9647276997566223
0.10406219214200974,0,17,65361,0.9914402365684509,0.9642412662506104,0.9642412662506104
0.10762275010347366,0,17,65461,0.9905746579170227,0.9613787531852722,0.9613787531852722
0.10567965358495712,0,17,65561,0.9911152124404907,0.9619700908660889,0.9619700908660889
0.10834499448537827,0,17,65661,0.9908073544502258,0.9617015719413757,0.9617015719413757
0.10950043797492981,0,17,65761,0.9905633926391602,0.9614184498786926,0.9614184498786926
0.10917739570140839,0,17,65861,0.9906072020530701,0.9616619348526001,0.9616619348526001
0.1090252697467804,0,17,65961,0.9907806515693665,0.9612203240394592,0.9612203240394592
0.11021683365106583,0,17,66061,0.9903869032859802,0.9615705013275146,0.9615705013275146
0.11053930968046188,0,17,66161,0.9902870655059814,0.9614760279655457,0.9614760279655457
0.11053382605314255,0,17,66261,0.9902536273002625,0.9616825580596924,0.9616825580596924
0.10924459248781204,0,17,66361,0.9904925227165222,0.9622189998626709,0.9622189998626709
0.10897847265005112,0,17,66461,0.9905269742012024,0.9620964527130127,0.9620964527130127
0.10908906906843185,0,17,66561,0.990419864654541,0.9618576169013977,0.9618576169013977
0.10884217172861099,0,17,66661,0.9905192852020264,0.9614423513412476,0.9614423513412476
0.1095685213804245,0,17,66761,0.9902694225311279,0.9611180424690247,0.9611180424690247
0.11076483130455017,0,17,66861,0.9903051257133484,0.9606114029884338,0.9606114029884338
0.11172342300415039,0,17,66961,0.9900932312011719,0.9603692293167114,0.9603692293167114
0.11198791861534119,0,17,67061,0.9899521470069885,0.9602512121200562,0.9602512121200562
0.11241853982210159,0,17,67161,0.9897575378417969,0.960082471370697,0.960082471370697
0.11254546791315079,0,17,67261,0.989704966545105,0.9599595665931702,0.9599595665931702
0.11267838627099991,0,17,67361,0.9895772933959961,0.9597910046577454,0.9597910046577454
0.11235948652029037,0,17,67461,0.9896354675292969,0.9598544239997864,0.9598544239997864
0.11235709488391876,0,17,67561,0.9896620512008667,0.9596782326698303,0.9596782326698303
0.11296883970499039,0,17,67661,0.9894989728927612,0.9594412446022034,0.9594412446022034
0.1127176433801651,0,17,67761,0.9895603656768799,0.9597030282020569,0.9597030282020569
0.11288191378116608,0,17,67861,0.9895495176315308,0.9596214294433594,0.9596214294433594
0.11379245668649673,0,17,67961,0.9893805980682373,0.9594117999076843,0.9594117999076843
0.11391031742095947,0,17,68061,0.9893442988395691,0.9595398306846619,0.9595398306846619
0.11400913447141647,0,17,68161,0.9893254041671753,0.9595134854316711,0.9595134854316711
0.1136401817202568,0,17,68261,0.9893828630447388,0.9597105979919434,0.9597105979919434
0.11430711299180984,0,17,68361,0.9891583919525146,0.959661066532135,0.959661066532135
0.11398638039827347,0,17,68461,0.9892019629478455,0.9597470760345459,0.9597470760345459
0.11380723863840103,0,17,68561,0.9892222881317139,0.9599198698997498,0.9599198698997498
0.11396636068820953,0,17,68661,0.9891664385795593,0.9597436189651489,0.9597436189651489
0.11388149112462997,0,17,68761,0.9892171621322632,0.9597334265708923,0.9597334265708923
0.1143663302063942,0,17,68861,0.9891006350517273,0.9595041871070862,0.9595041871070862
0.11425019055604935,0,17,68961,0.9891098737716675,0.95945143699646,0.95945143699646
0.0945158377289772,0,18,68994,0.99609375,0.9375,0.9375
0.10631472617387772,0,18,69094,0.9896153211593628,0.9591584205627441,0.9591584205627441
0.10631103813648224,0,18,69194,0.9903506636619568,0.9601989984512329,0.9601989984512329
0.11442799121141434,0,18,69294,0.9888783097267151,0.9595099687576294,0.9595099687576294
0.11922843009233475,0,18,69394,0.9879894256591797,0.9585411548614502,0.9585411548614502
0.11534078419208527,0,18,69494,0.9888139963150024,0.9609531164169312,0.9609531164169312
0.11430488526821136,0,18,69594,0.9890493154525757,0.9605865478515625,0.9605865478515625
0.11305183172225952,0,18,69694,0.9891378879547119,0.9613052606582642,0.9613052606582642
0.1129721999168396,0,18,69794,0.9892765283584595,0.9616885185241699,0.9616885185241699
0.11562452465295792,0,18,69894,0.9887828826904297,0.9609461426734924,0.9609461426734924
0.11542315781116486,0,18,69994,0.9887917041778564,0.9603521227836609,0.9603521227836609
0.11413884907960892,0,18,70094,0.9890483617782593,0.9604904651641846,0.9604904651641846
0.1138635203242302,0,18,70194,0.989051103591919,0.960241436958313,0.960241436958313
0.11271978169679642,0,18,70294,0.9892746210098267,0.9605111479759216,0.9605111479759216
0.11286742240190506,0,18,70394,0.9893004298210144,0.9603408575057983,0.9603408575057983
0.1137247309088707,0,18,70494,0.9892076849937439,0.9601099491119385,0.9601099491119385
0.1129845529794693,0,18,70594,0.9892445802688599,0.9604934453964233,0.9604934453964233
0.11227614432573318,0,18,70694,0.9893692135810852,0.9607216119766235,0.9607216119766235
0.11161097884178162,0,18,70794,0.9895107746124268,0.9608203768730164,0.9608203768730164
0.11190100759267807,0,18,70894,0.9893703460693359,0.9606457352638245,0.9606457352638245
0.11250007897615433,0,18,70994,0.9892871379852295,0.9602074027061462,0.9602074027061462
0.11244168877601624,0,18,71094,0.9893783330917358,0.9601380228996277,0.9601380228996277
0.11303188651800156,0,18,71194,0.9891664981842041,0.9598761796951294,0.9598761796951294
0.11277060955762863,0,18,71294,0.989208996295929,0.9599087238311768,0.9599087238311768
0.11251708120107651,0,18,71394,0.98920738697052,0.9600427150726318,0.9600427150726318
0.11415179818868637,0,18,71494,0.9888821840286255,0.9594662189483643,0.9594662189483643
0.1137072890996933,0,18,71594,0.9890024662017822,0.9597270488739014,0.9597270488739014
0.11379045993089676,0,18,71694,0.989037275314331,0.9593900442123413,0.9593900442123413
0.11431420594453812,0,18,71794,0.9889562726020813,0.9590548276901245,0.9590548276901245
0.11484206467866898,0,18,71894,0.9888718128204346,0.9589365720748901,0.9589365720748901
0.11532697826623917,0,18,71994,0.9887945055961609,0.9587429165840149,0.9587429165840149
0.11486363410949707,0,18,72094,0.9889253377914429,0.9588439464569092,0.9588439464569092
0.11487115919589996,0,18,72194,0.9888941645622253,0.9588800668716431,0.9588800668716431
0.1160237267613411,0,18,72294,0.9886093735694885,0.9585731625556946,0.9585731625556946
0.11527858674526215,0,18,72394,0.9887709617614746,0.9587437510490417,0.9587437510490417
0.11501847952604294,0,18,72494,0.988843560218811,0.9586725234985352,0.9586725234985352
0.11470002681016922,0,18,72594,0.9889236092567444,0.9588655829429626,0.9588655829429626
0.1147429496049881,0,18,72694,0.9889211654663086,0.9588962197303772,0.9588962197303772
0.11504735052585602,0,18,72794,0.9888327717781067,0.9588595032691956,0.9588595032691956
0.023208267986774445,0,19,72827,1.0,1.0,1.0
0.11484616994857788,0,19,72927,0.9877920150756836,0.9603960514068604,0.9603960514068604
0.11175046861171722,0,19,73027,0.9881001710891724,0.9611318111419678,0.9611318111419678
0.11042440682649612,0,19,73127,0.9879211783409119,0.9613787531852722,0.9613787531852722
0.11302278190851212,0,19,73227,0.9877758622169495,0.9602556228637695,0.9602556228637695
0.11632736027240753,0,19,73327,0.9878703951835632,0.9580838084220886,0.9580838084220886
0.12059983611106873,0,19,73427,0.9872938394546509,0.9565308094024658,0.9565308094024658
0.11790549010038376,0,19,73527,0.9878674149513245,0.9572039842605591,0.9572039842605591
0.11717364192008972,0,19,73627,0.9880752563476562,0.9576311111450195,0.9576311111450195
0.12153133749961853,0,19,73727,0.9870774745941162,0.9572697281837463,0.9572697281837463
0.11917630583047867,0,19,73827,0.9876129031181335,0.9584790468215942,0.9584790468215942
0.11929803341627121,0,19,73927,0.9878442287445068,0.9585604071617126,0.9585604071617126
0.11710354685783386,0,19,74027,0.9882045984268188,0.959148645401001,0.959148645401001
0.11760096251964569,0,19,74127,0.9880688786506653,0.9594542384147644,0.9594542384147644
0.11478642374277115,0,19,74227,0.988608181476593,0.9605638980865479,0.9605638980865479
0.1142568588256836,0,19,74327,0.9887686371803284,0.9603597521781921,0.9603597521781921
0.11384579539299011,0,19,74427,0.9888571500778198,0.9603372812271118,0.9603372812271118
0.11444668471813202,0,19,74527,0.9887703061103821,0.9601337313652039,0.9601337313652039
0.11594228446483612,0,19,74627,0.9884685277938843,0.9598833918571472,0.9598833918571472
0.11519066244363785,0,19,74727,0.9885761737823486,0.9603497982025146,0.9603497982025146
0.1156846284866333,0,19,74827,0.9885574579238892,0.9598326086997986,0.9598326086997986
0.11543716490268707,0,19,74927,0.988595187664032,0.959751307964325,0.959751307964325
0.1159495934844017,0,19,75027,0.9885436296463013,0.9595070481300354,0.9595070481300354
0.11504506319761276,0,19,75127,0.9887807369232178,0.9596914649009705,0.9596914649009705
0.11551299691200256,0,19,75227,0.988742470741272,0.9596001505851746,0.9596001505851746
0.11551821976900101,0,19,75327,0.9887802004814148,0.9596161246299744,0.9596161246299744
0.11515174061059952,0,19,75427,0.9887938499450684,0.959919273853302,0.959919273853302
0.11549527943134308,0,19,75527,0.988736093044281,0.9597371220588684,0.9597371220588684
0.11523254215717316,0,19,75627,0.9888006448745728,0.9597688317298889,0.9597688317298889
0.11403928697109222,0,19,75727,0.9890353083610535,0.960229218006134,0.960229218006134
0.11442627757787704,0,19,75827,0.9889594912528992,0.9601382613182068,0.9601382613182068
0.11371579766273499,0,19,75927,0.9890771508216858,0.960335373878479,0.960335373878479
0.11496809870004654,0,19,76027,0.988814115524292,0.959797739982605,0.959797739982605
0.11439105123281479,0,19,76127,0.9888761043548584,0.9599931836128235,0.9599931836128235
0.113669253885746,0,19,76227,0.9890118837356567,0.9602322578430176,0.9602322578430176
0.11412515491247177,0,19,76327,0.9889241456985474,0.9599936008453369,0.9599936008453369
0.11377894133329391,0,19,76427,0.9889722466468811,0.9601152539253235,0.9601152539253235
0.11309126764535904,0,19,76527,0.9891373515129089,0.9602303504943848,0.9602303504943848
0.11322125792503357,0,19,76627,0.9891399145126343,0.9602078199386597,0.9602078199386597
0.2732039988040924,0,20,76660,0.92578125,0.9375,0.9375
0.08802485466003418,0,20,76760,0.9925374984741211,0.9702970385551453,0.9702970385551453
0.10242015868425369,0,20,76860,0.9908130764961243,0.9623756408691406,0.9623756408691406
0.09991976618766785,0,20,76960,0.990727961063385,0.9653239250183105,0.9653239250183105
0.09570572525262833,0,20,77060,0.9911718964576721,0.9669576287269592,0.9669576287269592
0.09526558965444565,0,20,77160,0.9913167357444763,0.9676896333694458,0.9676896333694458
0.09899577498435974,0,20,77260,0.990853488445282,0.965370237827301,0.965370237827301
0.10063697397708893,0,20,77360,0.9907822012901306,0.9636234045028687,0.9636234045028687
0.10011932253837585,0,20,77460,0.9909263253211975,0.9634831547737122,0.9634831547737122
0.09955976158380508,0,20,77560,0.9910739660263062,0.9636514782905579,0.9636514782905579
0.09855441004037857,0,20,77660,0.99122154712677,0.9640359878540039,0.9640359878540039
0.09877853840589523,0,20,77760,0.9911305904388428,0.964123547077179,0.964123547077179
0.09999129921197891,0,20,77860,0.9910966157913208,0.9635199904441833,0.9635199904441833
0.10106643289327621,0,20,77960,0.9909059405326843,0.9635856747627258,0.9635856747627258
0.10169138759374619,0,20,78060,0.9908774495124817,0.9632851481437683,0.9632851481437683
0.10217420011758804,0,20,78160,0.990903913974762,0.9632744789123535,0.9632744789123535
0.10129179060459137,0,20,78260,0.9911117553710938,0.9635774493217468,0.9635774493217468
0.10165005922317505,0,20,78360,0.9910025000572205,0.9639182686805725,0.9639182686805725
0.10150741040706635,0,20,78460,0.9909422397613525,0.9641865491867065,0.9641865491867065
0.10164540261030197,0,20,78560,0.9909812808036804,0.9640649557113647,0.9640649557113647
0.10236767679452896,0,20,78660,0.9908092617988586,0.9635807275772095,0.9635807275772095
0.10200967639684677,0,20,78760,0.9909322261810303,0.963945746421814,0.963945746421814
0.10231999307870865,0,20,78860,0.9908471703529358,0.9637948870658875,0.9637948870658875
0.10282514989376068,0,20,78960,0.9907360076904297,0.9635213017463684,0.9635213017463684
0.10271189361810684,0,20,79060,0.9907623529434204,0.9634527564048767,0.9634527564048767
0.10378138720989227,0,20,79160,0.9906718134880066,0.9630647897720337,0.9630647897720337
0.10363655537366867,0,20,79260,0.9906454086303711,0.9631391763687134,0.9631391763687134
0.10453563928604126,0,20,79360,0.9903470873832703,0.9627453088760376,0.9627453088760376
0.10470540821552277,0,20,79460,0.9903044700622559,0.9626026153564453,0.9626026153564453
0.10404328256845474,0,20,79560,0.990437924861908,0.9629222750663757,0.9629222750663757
0.10403025150299072,0,20,79660,0.9904212355613708,0.9629082083702087,0.9629082083702087
0.10383319109678268,0,20,79760,0.9904937744140625,0.9629756808280945,0.9629756808280945
0.10409120470285416,0,20,79860,0.9903973340988159,0.962843656539917,0.962843656539917
0.10397009551525116,0,20,79960,0.9904340505599976,0.9629468321800232,0.9629468321800232
0.1037261039018631,0,20,80060,0.9904741048812866,0.9629704356193542,0.9629704356193542
0.1036239042878151,0,20,80160,0.9905238747596741,0.9630641341209412,0.9630641341209412
0.10317400842905045,0,20,80260,0.9906089305877686,0.9631352424621582,0.9631352424621582
0.1035463958978653,0,20,80360,0.9905219674110413,0.9629492163658142,0.9629492163658142
0.10417183488607407,0,20,80460,0.9903748631477356,0.9629045128822327,0.9629045128822327
0.022102095186710358,0,21,80493,1.0,1.0,1.0
0.11090615391731262,0,21,80593,0.9885144233703613,0.9659653306007385,0.9659653306007385
0.1081346794962883,0,21,80693,0.988933801651001,0.9639303684234619,0.9639303684234619
0.11136756837368011,0,21,80793,0.9884508848190308,0.9620016813278198,0.9620016813278198
0.10872694849967957,0,21,80893,0.9888724088668823,0.9636845588684082,0.9636845588684082
0.10561107099056244,0,21,80993,0.9898093342781067,0.9634481072425842,0.9634481072425842
0.11077088862657547,0,21,81093,0.9888990521430969,0.9606904983520508,0.9606904983520508
0.1089918240904808,0,21,81193,0.9893656969070435,0.9617510437965393,0.9617510437965393
0.10788026452064514,0,21,81293,0.9895796775817871,0.9624688029289246,0.9624688029289246
0.10577163100242615,0,21,81393,0.9898257255554199,0.9635127782821655,0.9635127782821655
0.10597297549247742,0,21,81493,0.9899072647094727,0.9635364413261414,0.9635364413261414
0.10588858276605606,0,21,81593,0.9899150729179382,0.9631017446517944,0.9631017446517944
0.10570821166038513,0,21,81693,0.9898403286933899,0.9631556868553162,0.9631556868553162
0.10420823842287064,0,21,81793,0.9900403022766113,0.9638258814811707,0.9638258814811707
0.10417862236499786,0,21,81893,0.9900176525115967,0.9637312889099121,0.9637312889099121
0.10431808978319168,0,21,81993,0.9900256991386414,0.9636076092720032,0.9636076092720032
0.10346483439207077,0,21,82093,0.99008709192276,0.9638897776603699,0.9638897776603699
0.10374051332473755,0,21,82193,0.9901577234268188,0.9637345671653748,0.9637345671653748
0.10301084071397781,0,21,82293,0.9903815984725952,0.9637354016304016,0.9637354016304016
0.10359317809343338,0,21,82393,0.990224301815033,0.9636704325675964,0.9636704325675964
0.10371436923742294,0,21,82493,0.9902245402336121,0.9634870290756226,0.9634870290756226
0.10349332541227341,0,21,82593,0.9902179837226868,0.9637077450752258,0.9637077450752258
0.10374686121940613,0,21,82693,0.9902542233467102,0.9634824991226196,0.9634824991226196
0.10320398956537247,0,21,82793,0.990361750125885,0.9638743996620178,0.9638743996620178
0.10270164906978607,0,21,82893,0.9904605150222778,0.963973343372345,0.963973343372345
0.10266425460577011,0,21,82993,0.9905121326446533,0.9639394283294678,0.9639394283294678
0.1020713746547699,0,21,83093,0.9906136393547058,0.9641003608703613,0.9641003608703613
0.1036170944571495,0,21,83193,0.9903197884559631,0.963532030582428,0.963532030582428
0.10404927283525467,0,21,83293,0.9902743697166443,0.9633836150169373,0.9633836150169373
0.10334514081478119,0,21,83393,0.9903942346572876,0.9636978507041931,0.9636978507041931
0.10388163477182388,0,21,83493,0.9902681112289429,0.9634705185890198,0.9634705185890198
0.10380275547504425,0,21,83593,0.9902957677841187,0.9633787274360657,0.9633787274360657
0.103957399725914,0,21,83693,0.9903334379196167,0.9631950855255127,0.9631950855255127
0.10382087528705597,0,21,83793,0.990347146987915,0.9633823037147522,0.9633823037147522
0.10360046476125717,0,21,83893,0.9903261065483093,0.9635584950447083,0.9635584950447083
0.1033426895737648,0,21,83993,0.9903414249420166,0.9635639786720276,0.9635639786720276
0.10279867053031921,0,21,84093,0.9904685020446777,0.9636906385421753,0.9636906385421753
0.10293115675449371,0,21,84193,0.9904294610023499,0.9635909199714661,0.9635909199714661
0.10288355499505997,0,21,84293,0.9904472231864929,0.9635293483734131,0.9635293483734131
0.05546487495303154,0,22,84326,1.0,1.0,1.0
0.10678252577781677,0,22,84426,0.9905416369438171,0.9634901285171509,0.9634901285171509
0.10945716500282288,0,22,84526,0.9898771643638611,0.9617537260055542,0.9617537260055542
0.10041583329439163,0,22,84626,0.9913265109062195,0.9640780687332153,0.9640780687332153
0.10394857823848724,0,22,84726,0.990319550037384,0.9639962315559387,0.9639962315559387
0.10283174365758896,0,22,84826,0.9906145334243774,0.9644461274147034,0.9644461274147034
0.1071048155426979,0,22,84926,0.9900441765785217,0.962770402431488,0.962770402431488
0.10412795841693878,0,22,85026,0.9904460906982422,0.9638908505439758,0.9638908505439758
0.10466139763593674,0,22,85126,0.9902486205101013,0.9630149602890015,0.9630149602890015
0.10379932820796967,0,22,85226,0.9902995824813843,0.9632353186607361,0.9632353186607361
0.10397274792194366,0,22,85326,0.9903108477592468,0.9632866978645325,0.9632866978645325
0.10249733924865723,0,22,85426,0.9904499053955078,0.9637829065322876,0.9637829065322876
0.1023806780576706,0,22,85526,0.9902663826942444,0.9640924334526062,0.9640924334526062
0.10129392892122269,0,22,85626,0.9905630946159363,0.9643543362617493,0.9643543362617493
0.10139324516057968,0,22,85726,0.990494966506958,0.9644004106521606,0.9644004106521606
0.10098305344581604,0,22,85826,0.9905646443367004,0.9643987417221069,0.9643987417221069
0.10008343309164047,0,22,85926,0.990744948387146,0.9647486209869385,0.9647486209869385
0.10081423074007034,0,22,86026,0.9906426072120667,0.9644327163696289,0.9644327163696289
0.10036453604698181,0,22,86126,0.9907408952713013,0.9646030068397522,0.9646030068397522
0.10112833231687546,0,22,86226,0.9905815720558167,0.9644923806190491,0.9644923806190491
0.10110493004322052,0,22,86326,0.9905803799629211,0.9645177125930786,0.9645177125930786
0.10180937498807907,0,22,86426,0.9903863072395325,0.9646299481391907,0.9646299481391907
0.10293105244636536,0,22,86526,0.9901694059371948,0.9641072154045105,0.9641072154045105
0.1026567593216896,0,22,86626,0.990291953086853,0.9642003774642944,0.9642003774642944
0.10282640904188156,0,22,86726,0.9902781248092651,0.9640774726867676,0.9640774726867676
0.10350391268730164,0,22,86826,0.9902334213256836,0.9638144969940186,0.9638144969940186
0.10310683399438858,0,22,86926,0.9902978539466858,0.9639561772346497,0.9639561772346497
0.10378621518611908,0,22,87026,0.9901805520057678,0.9637171626091003,0.9637171626091003
0.10363079607486725,0,22,87126,0.9902015328407288,0.9638968110084534,0.9638968110084534
0.10464401543140411,0,22,87226,0.9900603294372559,0.9637625217437744,0.9637625217437744
0.10426153987646103,0,22,87326,0.9901257157325745,0.9640119671821594,0.9640119671821594
0.10460992902517319,0,22,87426,0.9900026917457581,0.963983416557312,0.963983416557312
0.1053805947303772,0,22,87526,0.9898182153701782,0.9637417793273926,0.9637417793273926
0.10517897456884384,0,22,87626,0.9898684620857239,0.9637420773506165,0.9637420773506165
0.10473312437534332,0,22,87726,0.9898970723152161,0.9639444351196289,0.9639444351196289
0.10465181618928909,0,22,87826,0.989855170249939,0.9639924168586731,0.9639924168586731
0.104612335562706,0,22,87926,0.9899014830589294,0.9640030264854431,0.9640030264854431
0.10436628758907318,0,22,88026,0.9899605512619019,0.9640299677848816,0.9640299677848816
0.1043342873454094,0,22,88126,0.9899851679801941,0.9640390872955322,0.9640390872955322
0.030536014586687088,0,23,88159,1.0,1.0,1.0
0.09814395755529404,0,23,88259,0.9920419454574585,0.9628713130950928,0.9628713130950928
0.09855720400810242,0,23,88359,0.9911129474639893,0.9623756408691406,0.9623756408691406
0.10323742032051086,0,23,88459,0.989643394947052,0.9620016813278198,0.9620016813278198
0.09975515305995941,0,23,88559,0.9905601143836975,0.9619700908660889,0.9619700908660889
0.10173476487398148,0,23,88659,0.9904305338859558,0.9620758295059204,0.9620758295059204
0.10324738174676895,0,23,88759,0.9901106953620911,0.9610024690628052,0.9610024690628052
0.10045018792152405,0,23,88859,0.9906220436096191,0.9627318382263184,0.9627318382263184
0.10165467113256454,0,23,88959,0.9903899431228638,0.9628589153289795,0.9628589153289795
0.10001422464847565,0,23,89059,0.9907910823822021,0.963443398475647,0.963443398475647
0.09924580156803131,0,23,89159,0.9909795522689819,0.9634740352630615,0.9634740352630615
0.09842226654291153,0,23,89259,0.9911989569664001,0.9637829065322876,0.9637829065322876
0.09897229075431824,0,23,89359,0.9911136031150818,0.963728129863739,0.963728129863739
0.09792042523622513,0,23,89459,0.9913944005966187,0.9643062949180603,0.9643062949180603
0.0986076220870018,0,23,89559,0.9911414980888367,0.9645342826843262,0.9645342826843262
0.09770365059375763,0,23,89659,0.991265058517456,0.9649400115013123,0.9649400115013123
0.09685522317886353,0,23,89759,0.9914242029190063,0.9652170538902283,0.9652170538902283
0.09778813272714615,0,23,89859,0.9913084506988525,0.9649103283882141,0.9649103283882141
0.09783236682415009,0,23,89959,0.9912968873977661,0.9647418260574341,0.9647418260574341
0.09958501905202866,0,23,90059,0.9909058809280396,0.9644266366958618,0.9644266366958618
0.09927216917276382,0,23,90159,0.991035521030426,0.9645490050315857,0.9645490050315857
0.09993920475244522,0,23,90259,0.9909200072288513,0.9642432332038879,0.9642432332038879
0.09988131374120712,0,23,90359,0.990906834602356,0.9643059968948364,0.9643059968948364
0.09995801746845245,0,23,90459,0.9908456206321716,0.9643361568450928,0.9643361568450928
0.10001005232334137,0,23,90559,0.9907856583595276,0.964493989944458,0.964493989944458
0.10028646141290665,0,23,90659,0.9907454252243042,0.9643392562866211,0.9643392562866211
0.09985676407814026,0,23,90759,0.9908430576324463,0.9644127488136292,0.9644127488136292
0.10014757513999939,0,23,90859,0.9907824993133545,0.9642724990844727,0.9642724990844727
0.09989603608846664,0,23,90959,0.9908239841461182,0.964276134967804,0.964276134967804
0.09985893219709396,0,23,91059,0.9909447431564331,0.9645380973815918,0.9645380973815918
0.09962131083011627,0,23,91159,0.99103844165802,0.9644910097122192,0.9644910097122192
0.0993913933634758,0,23,91259,0.9910421371459961,0.9646686315536499,0.9646686315536499
0.09965864568948746,0,23,91359,0.9909367561340332,0.964737594127655,0.964737594127655
0.09908006340265274,0,23,91459,0.9910438656806946,0.9649348855018616,0.9649348855018616
0.09926415234804153,0,23,91559,0.991007387638092,0.9649919271469116,0.9649919271469116
0.09983790665864944,0,23,91659,0.9908931851387024,0.9648850560188293,0.9648850560188293
0.09952283650636673,0,23,91759,0.9909355640411377,0.9650444388389587,0.9650444388389587
0.09958107769489288,0,23,91859,0.9909427762031555,0.965026319026947,0.965026319026947
0.09929169714450836,0,23,91959,0.9910255670547485,0.9650256633758545,0.9650256633758545
0.008409536443650723,0,24,91992,1.0,1.0,1.0
0.11310146003961563,0,24,92092,0.9864031672477722,0.9591584205627441,0.9591584205627441
0.11086241900920868,0,24,92192,0.988050103187561,0.9620646834373474,0.9620646834373474
0.0995640680193901,0,24,92292,0.9901639819145203,0.9667773842811584,0.9667773842811584
0.0988711416721344,0,24,92392,0.9901632070541382,0.9677368998527527,0.9677368998527527
0.0961085706949234,0,24,92492,0.99074786901474,0.9681886434555054,0.9681886434555054
0.09955520182847977,0,24,92592,0.9902572631835938,0.9672421216964722,0.9672421216964722
0.0962376594543457,0,24,92692,0.9908463358879089,0.9682596325874329,0.9682596325874329
0.09563171118497849,0,24,92792,0.9910672307014465,0.9680087566375732,0.9680087566375732
0.09535039216279984,0,24,92892,0.9910874366760254,0.9683684706687927,0.9683684706687927
0.09381178021430969,0,24,92992,0.9914834499359131,0.9685938954353333,0.9685938954353333
0.09545974433422089,0,24,93092,0.9912739396095276,0.9677565693855286,0.9677565693855286
0.09453945606946945,0,24,93192,0.9914581775665283,0.9679954051971436,0.9679954051971436
0.09511527419090271,0,24,93292,0.9913572669029236,0.9677651524543762,0.9677651524543762
0.09550148993730545,0,24,93392,0.9912474751472473,0.9675232172012329,0.9675232172012329
0.09516485035419464,0,24,93492,0.9913758635520935,0.9675216674804688,0.9675216674804688
0.09494096040725708,0,24,93592,0.9915207028388977,0.967481255531311,0.967481255531311
0.09434950351715088,0,24,93692,0.9916457533836365,0.967555820941925,0.967555820941925
0.09461580216884613,0,24,93792,0.9915478825569153,0.9675527215003967,0.9675527215003967
0.09594063460826874,0,24,93892,0.9914860129356384,0.9672869443893433,0.9672869443893433
0.09573119133710861,0,24,93992,0.9915575385093689,0.9670789837837219,0.9670789837837219
0.09609206020832062,0,24,94092,0.9915355443954468,0.9671287536621094,0.9671287536621094
0.09639482200145721,0,24,94192,0.9915632009506226,0.9668900370597839,0.9668900370597839
0.09651198238134384,0,24,94292,0.991604745388031,0.9670795202255249,0.9670795202255249
0.09661876410245895,0,24,94392,0.9915509223937988,0.9669148325920105,0.9669148325920105
0.09732714295387268,0,24,94492,0.9914677143096924,0.9666133522987366,0.9666133522987366
0.0968068465590477,0,24,94592,0.9915114641189575,0.9667916297912598,0.9667916297912598
0.09669950604438782,0,24,94692,0.9915503859519958,0.9666327238082886,0.9666327238082886
0.09656405448913574,0,24,94792,0.991583526134491,0.9668421745300293,0.9668421745300293
0.09645885974168777,0,24,94892,0.9915798306465149,0.9669725894927979,0.9669725894927979
0.0965714156627655,0,24,94992,0.9915208220481873,0.9669901728630066,0.9669901728630066
0.09639887511730194,0,24,95092,0.9915850758552551,0.9669864773750305,0.9669864773750305
0.09702454507350922,0,24,95192,0.991405189037323,0.9666315317153931,0.9666315317153931
0.09806814044713974,0,24,95292,0.9911510348320007,0.9663738012313843,0.9663738012313843
0.09799527376890182,0,24,95392,0.9911627173423767,0.9663150310516357,0.9663150310516357
0.09818238765001297,0,24,95492,0.9911340475082397,0.9663310647010803,0.9663310647010803
0.09730926156044006,0,24,95592,0.9913123846054077,0.9665891528129578,0.9665891528129578
0.0971996933221817,0,24,95692,0.9913215041160583,0.9665293097496033,0.9665293097496033
0.09753858298063278,0,24,95792,0.9912096261978149,0.9664890766143799,0.9664890766143799
0.023664571344852448,0,25,95825,1.0,1.0,1.0
0.09980671852827072,0,25,95925,0.9900903701782227,0.9665841460227966,0.9665841460227966
0.09198423475027084,0,25,96025,0.9914345741271973,0.9682835936546326,0.9682835936546326
0.09194564819335938,0,25,96125,0.9919989109039307,0.9669850468635559,0.9669850468635559
0.08863840252161026,0,25,96225,0.9928794503211975,0.9677368998527527,0.9677368998527527
0.08688217401504517,0,25,96325,0.9934229850769043,0.9686876535415649,0.9686876535415649
0.08823613077402115,0,25,96425,0.9931677579879761,0.9685940146446228,0.9685940146446228
0.08997537940740585,0,25,96525,0.9927929043769836,0.9679030179977417,0.9679030179977417
0.09055923670530319,0,25,96625,0.9928840398788452,0.9673845171928406,0.9673845171928406
0.0932031124830246,0,25,96725,0.9924196600914001,0.9668424129486084,0.9668424129486084
0.09487341344356537,0,25,96825,0.9919830560684204,0.9664710164070129,0.9664710164070129
0.0965697318315506,0,25,96925,0.9917579889297485,0.9661670923233032,0.9661670923233032
0.09665123373270035,0,25,97025,0.9917150735855103,0.966278076171875,0.966278076171875
0.09617265313863754,0,25,97125,0.9916677474975586,0.9666122198104858,0.9666122198104858
0.09589309245347977,0,25,97225,0.9917688965797424,0.9663633108139038,0.9663633108139038
0.09552021324634552,0,25,97325,0.9917356967926025,0.9663557410240173,0.9663557410240173
0.09455253928899765,0,25,97425,0.9918990731239319,0.966349184513092,0.966349184513092
0.09460483491420746,0,25,97525,0.9918628334999084,0.9667107462882996,0.9667107462882996
0.09402105957269669,0,25,97625,0.9918716549873352,0.966997504234314,0.966997504234314
0.09437992423772812,0,25,97725,0.991800844669342,0.966925323009491,0.966925323009491
0.09446309506893158,0,25,97825,0.991812527179718,0.9669540524482727,0.9669540524482727
0.09412091970443726,0,25,97925,0.9918838143348694,0.9669204950332642,0.9669204950332642
0.09401717036962509,0,25,98025,0.9918466210365295,0.9671456217765808,0.9671456217765808
0.09313183277845383,0,25,98125,0.9920031428337097,0.9675412774085999,0.9675412774085999
0.09296281635761261,0,25,98225,0.9920828342437744,0.967357337474823,0.967357337474823
0.09363741427659988,0,25,98325,0.9919674396514893,0.9669632315635681,0.9669632315635681
0.09341199696063995,0,25,98425,0.9919392466545105,0.9671040177345276,0.9671040177345276
0.09405990689992905,0,25,98525,0.9918099641799927,0.9669566750526428,0.9669566750526428
0.0942462682723999,0,25,98625,0.9918208122253418,0.9669091105461121,0.9669091105461121
0.09403067827224731,0,25,98725,0.9918079376220703,0.9671018719673157,0.9671018719673157
0.09433729946613312,0,25,98825,0.9917383193969727,0.9671567678451538,0.9671567678451538
0.09423643350601196,0,25,98925,0.9917606115341187,0.967107355594635,0.967107355594635
0.09463518112897873,0,25,99025,0.9917160272598267,0.9667876958847046,0.9667876958847046
0.09478241205215454,0,25,99125,0.9916447401046753,0.9666767716407776,0.9666767716407776
0.09502557665109634,0,25,99225,0.9915513396263123,0.9667377471923828,0.9667377471923828
0.09573176503181458,0,25,99325,0.9914250373840332,0.9665631055831909,0.9665631055831909
0.09568458795547485,0,25,99425,0.991426408290863,0.9667279720306396,0.9667279720306396
0.09570499509572983,0,25,99525,0.9914408922195435,0.966698169708252,0.966698169708252
0.09612300992012024,0,25,99625,0.9914032816886902,0.9665219783782959,0.9665219783782959
