loss,compile_metrics,epoch,step,auc_2,binary_accuracy,lr,recall_2
0.731268048286438,0,0,0,0.42578125,0.40625,0.0010201793629676104,0.40625
0.6386646032333374,0,0,100,0.7366065979003906,0.6547029614448547,0.002029147930443287,0.6547029614448547
0.5700602531433105,0,0,200,0.7840750217437744,0.6918532252311707,0.003038116730749607,0.6918532252311707
0.5202425122261047,0,0,300,0.8202840685844421,0.7251868844032288,0.004047085531055927,0.7251868844032288
0.4983980059623718,0,0,400,0.8359859585762024,0.7400249242782593,0.0050560543313622475,0.7400249242782593
0.4786328077316284,0,0,500,0.8480243682861328,0.7516841292381287,0.006002993322908878,0.7516841292381287
0.4712820053100586,0,0,600,0.8547017574310303,0.7585274577140808,0.006668047979474068,0.7585274577140808
0.4611314833164215,0,0,700,0.8606216311454773,0.7646219730377197,0.007143326569348574,0.7646219730377197
0.44922423362731934,0,0,800,0.8685111403465271,0.7727839946746826,0.0074998922646045685,0.7727839946746826
0.4428457021713257,0,0,900,0.8726873993873596,0.777677595615387,0.007777264807373285,0.777677595615387
0.43519121408462524,0,0,1000,0.8769341707229614,0.7826860547065735,0.007999165914952755,0.7826860547065735
0.42899808287620544,0,0,1100,0.8804108500480652,0.7865009307861328,0.008180694654583931,0.7865009307861328
0.42324888706207275,0,0,1200,0.8838436603546143,0.790825366973877,0.008331931196153164,0.790825366973877
0.41800135374069214,0,0,1300,0.8878585696220398,0.7950854897499084,0.008459847420454025,0.7950854897499084
0.4176093339920044,0,0,1400,0.8885142207145691,0.7963731288909912,0.008569429628551006,0.7963731288909912
0.411652535200119,0,0,1500,0.8918276429176331,0.8001540899276733,0.008664336055517197,0.8001540899276733
0.40774163603782654,0,0,1600,0.8938456177711487,0.802564799785614,0.008747310377657413,0.802564799785614
0.40200555324554443,0,0,1700,0.8968868851661682,0.8059597015380859,0.00882044155150652,0.8059597015380859
0.30764198303222656,0,1,1786,0.9345703125,0.84375,0.009989270009100437,0.84375
0.3218739926815033,0,1,1886,0.9343248009681702,0.8517945408821106,0.009988450445234776,0.8517945408821106
0.3110902011394501,0,1,1986,0.9381150603294373,0.856809675693512,0.00998759176582098,0.856809675693512
0.3126048147678375,0,1,2086,0.9372878074645996,0.8579733967781067,0.009986692108213902,0.8579733967781067
0.30632483959198,0,1,2186,0.9395543932914734,0.8601932525634766,0.009985753335058689,0.8601932525634766
0.30869975686073303,0,1,2286,0.9387457370758057,0.8594061732292175,0.009984772652387619,0.8594061732292175
0.3124827742576599,0,1,2386,0.9374620318412781,0.8572691082954407,0.009983756579458714,0.8572691082954407
0.31023135781288147,0,1,2486,0.93817138671875,0.8583273887634277,0.00998269859701395,0.8583273887634277
0.3069804906845093,0,1,2586,0.9394314289093018,0.8598626852035522,0.009981599636375904,0.8598626852035522
0.30729490518569946,0,1,2686,0.9392392039299011,0.85987788438797,0.009980465285480022,0.85987788438797
0.3060486316680908,0,1,2786,0.9397459030151367,0.8606081604957581,0.009979289956390858,0.8606081604957581
0.3059696853160858,0,1,2886,0.9397417306900024,0.8609218597412109,0.00997807364910841,0.8609218597412109
0.304996132850647,0,1,2986,0.9401156902313232,0.8612874746322632,0.009976816363632679,0.8612874746322632
0.3043278455734253,0,1,3086,0.9403246641159058,0.8617409467697144,0.009975519962608814,0.8617409467697144
0.30275848507881165,0,1,3186,0.9411182999610901,0.8631334900856018,0.00997418537735939,0.8631334900856018
0.3012930154800415,0,1,3286,0.9416861534118652,0.8636742234230042,0.009972812607884407,0.8636742234230042
0.29989489912986755,0,1,3386,0.9422030448913574,0.8643621206283569,0.00997139886021614,0.8643621206283569
0.2998051047325134,0,1,3486,0.942392110824585,0.8648589253425598,0.009969944134354591,0.8648589253425598
0.2608068585395813,0,2,3572,0.9580078125,0.84375,0.009941752068698406,0.84375
0.2814796566963196,0,2,3672,0.9488976001739502,0.8790223002433777,0.009939872659742832,0.8790223002433777
0.27250105142593384,0,2,3772,0.9521251320838928,0.8798196315765381,0.00993795320391655,0.8798196315765381
0.27171894907951355,0,2,3872,0.9523180723190308,0.8817483186721802,0.009935997426509857,0.8817483186721802
0.2666666805744171,0,2,3972,0.9540348052978516,0.884117841720581,0.009934000670909882,0.884117841720581
0.2706163823604584,0,2,4072,0.9528207778930664,0.8821107745170593,0.009931964799761772,0.8821107745170593
0.2741544544696808,0,2,4172,0.9517695307731628,0.8808236122131348,0.009929889813065529,0.8808236122131348
0.2720125615596771,0,2,4272,0.9524152874946594,0.8811964988708496,0.009927774779498577,0.8811964988708496
0.27139195799827576,0,2,4372,0.9527661204338074,0.882100522518158,0.009925620630383492,0.882100522518158
0.27099722623825073,0,2,4472,0.9528017044067383,0.8828384876251221,0.009923430159687996,0.8828384876251221
0.2693939805030823,0,2,4572,0.9535234570503235,0.8837100267410278,0.009921197779476643,0.8837100267410278
0.27148476243019104,0,2,4672,0.9528581500053406,0.8827486634254456,0.00991892535239458,0.8827486634254456
0.27143579721450806,0,2,4772,0.9527112245559692,0.8824157118797302,0.00991661474108696,0.8824157118797302
0.2696629762649536,0,2,4872,0.9533036351203918,0.8836231827735901,0.009914266876876354,0.8836231827735901
0.2692311406135559,0,2,4972,0.9534621238708496,0.8842121958732605,0.009911877103149891,0.8842121958732605
0.2665746510028839,0,2,5072,0.954327404499054,0.8852847814559937,0.009909451007843018,0.8852847814559937
0.26645228266716003,0,2,5172,0.954372227191925,0.8857159614562988,0.00990698579698801,0.8857159614562988
0.26560544967651367,0,2,5272,0.9546378254890442,0.8859677910804749,0.00990448147058487,0.8859677910804749
0.11520297825336456,0,3,5358,1.0,1.0,0.009856623597443104,1.0
0.25735732913017273,0,3,5458,0.9547040462493896,0.8907796740531921,0.009853698313236237,0.8907796740531921
0.2493288367986679,0,3,5558,0.9582179188728333,0.8908582329750061,0.009850742295384407,0.8908582329750061
0.2465483397245407,0,3,5658,0.9594815373420715,0.8939991593360901,0.009847738780081272,0.8939991593360901
0.24735508859157562,0,3,5758,0.9593780040740967,0.8944045901298523,0.009844698943197727,0.8944045901298523
0.2494017779827118,0,3,5858,0.9588950872421265,0.8932135701179504,0.009841620922088623,0.8932135701179504
0.25201675295829773,0,3,5958,0.9582818150520325,0.8927828669548035,0.009838503785431385,0.8927828669548035
0.24968235194683075,0,3,6058,0.9589293003082275,0.8935449123382568,0.009835349395871162,0.8935449123382568
0.24774935841560364,0,3,6158,0.9594101905822754,0.8947019577026367,0.009832154959440231,0.8947019577026367
0.2478848248720169,0,3,6258,0.9594056010246277,0.8947350382804871,0.009828922338783741,0.8947350382804871
0.24760346114635468,0,3,6358,0.9593511819839478,0.8944492936134338,0.009825652465224266,0.8944492936134338
0.25256550312042236,0,3,6458,0.9580457210540771,0.892881453037262,0.009822343476116657,0.892881453037262
0.2583005726337433,0,3,6558,0.9568553566932678,0.8914446234703064,0.009818998165428638,0.8914446234703064
0.2587447166442871,0,3,6658,0.9566616415977478,0.8909732699394226,0.009815612807869911,0.8909732699394226
0.2599407434463501,0,3,6758,0.9564778804779053,0.8907699584960938,0.009812189266085625,0.8907699584960938
0.25891929864883423,0,3,6858,0.9567537903785706,0.8911558985710144,0.009808728471398354,0.8911558985710144
0.2580149471759796,0,3,6958,0.9570215940475464,0.8914545774459839,0.009805230423808098,0.8914545774459839
0.2570359408855438,0,3,7058,0.9572811126708984,0.8916630148887634,0.009801694191992283,0.8916630148887634
0.15549299120903015,0,4,7144,0.9951171875,0.96875,0.009734532795846462,0.96875
0.2353878617286682,0,4,7244,0.9621388912200928,0.8951113820075989,0.009730586782097816,0.8951113820075989
0.23683489859104156,0,4,7344,0.9619914293289185,0.89552241563797,0.009726601652801037,0.89552241563797
0.23844261467456818,0,4,7444,0.9620641469955444,0.8952450156211853,0.009722581133246422,0.8952450156211853
0.23718255758285522,0,4,7544,0.9624631404876709,0.8968204259872437,0.009718522429466248,0.8968204259872437
0.2361808866262436,0,4,7644,0.9628923535346985,0.897455096244812,0.009714427404105663,0.897455096244812
0.2375740110874176,0,4,7744,0.9627276659011841,0.8972025513648987,0.009710293263196945,0.8972025513648987
0.23562103509902954,0,4,7844,0.9633117318153381,0.8978245258331299,0.009706121869385242,0.8978245258331299
0.23431478440761566,0,4,7944,0.9635921716690063,0.8986033201217651,0.009701913222670555,0.8986033201217651
0.23463070392608643,0,4,8044,0.9633302688598633,0.898862361907959,0.009697666391730309,0.898862361907959
0.23353999853134155,0,4,8144,0.9636865258216858,0.899537980556488,0.009693382307887077,0.899537980556488
0.23576262593269348,0,4,8244,0.9631698131561279,0.8992677330970764,0.00968906283378601,0.8992677330970764
0.23614245653152466,0,4,8344,0.9629878997802734,0.8992506265640259,0.00968470424413681,0.8992506265640259
0.23640689253807068,0,4,8444,0.9629229307174683,0.8994283080101013,0.009680310264229774,0.8994283080101013
0.23607368767261505,0,4,8544,0.9629439115524292,0.8998036980628967,0.009675879962742329,0.8998036980628967
0.23431797325611115,0,4,8644,0.9634494781494141,0.9004830121994019,0.009671411477029324,0.9004830121994019
0.23445574939250946,0,4,8744,0.9634162783622742,0.9003942608833313,0.009666906669735909,0.9003942608833313
0.2338559925556183,0,4,8844,0.9635924696922302,0.9005364775657654,0.00966236088424921,0.9005364775657654
0.18785172700881958,0,5,8930,0.9814453125,0.96875,0.009576410055160522,0.96875
0.2261759489774704,0,5,9030,0.9654847979545593,0.906559407711029,0.009571468457579613,0.906559407711029
0.22488006949424744,0,5,9130,0.9661608338356018,0.9051616787910461,0.009566495195031166,0.9051616787910461
0.22388353943824768,0,5,9230,0.9668207764625549,0.90625,0.009561482816934586,0.90625
0.2208164483308792,0,5,9330,0.9672722220420837,0.9067955017089844,0.009556437842547894,0.9067955017089844
0.2233448177576065,0,5,9430,0.9666036367416382,0.90625,0.009551352821290493,0.90625
0.22438085079193115,0,5,9530,0.9661914110183716,0.9061980247497559,0.009546233341097832,0.9061980247497559
0.22429758310317993,0,5,9630,0.9661137461662292,0.90625,0.009541076608002186,0.90625
0.22236798703670502,0,5,9730,0.9666332602500916,0.9069132208824158,0.009535884484648705,0.9069132208824158
0.22384436428546906,0,5,9830,0.9661689400672913,0.9067009091377258,0.009530656971037388,0.9067009091377258
0.22248809039592743,0,5,9930,0.9666746854782104,0.9074987769126892,0.009525394067168236,0.9074987769126892
0.22254374623298645,0,5,10030,0.9666489958763123,0.9073001742362976,0.009520093910396099,0.9073001742362976
0.22312882542610168,0,5,10130,0.9664162397384644,0.9071346521377563,0.009514760226011276,0.9071346521377563
0.2231466919183731,0,5,10230,0.966360330581665,0.9068745374679565,0.009509388357400894,0.9068745374679565
0.22438673675060272,0,5,10330,0.9661516547203064,0.9063169360160828,0.009503981098532677,0.9063169360160828
0.2236059010028839,0,5,10430,0.9663236737251282,0.906520664691925,0.009498539380729198,0.906520664691925
0.22271442413330078,0,5,10530,0.9665585160255432,0.9070698022842407,0.00949306134134531,0.9070698022842407
0.22262200713157654,0,5,10630,0.9665723443031311,0.9069848656654358,0.009487547911703587,0.9069848656654358
0.07000309228897095,0,6,10716,1.0,1.0,0.009383456781506538,1.0
0.21045315265655518,0,6,10816,0.9708057045936584,0.9130569100379944,0.009377566166222095,0.9130569100379944
0.22853761911392212,0,6,10916,0.9659980535507202,0.9053171873092651,0.009371621534228325,0.9053171873092651
0.22366227209568024,0,6,11016,0.9671016335487366,0.9069767594337463,0.009365661069750786,0.9069767594337463
0.22049498558044434,0,6,11116,0.9676857590675354,0.9091334342956543,0.00935966707766056,0.9091334342956543
0.22024400532245636,0,6,11216,0.9674667716026306,0.9086202383041382,0.00935363583266735,0.9086202383041382
0.21792873740196228,0,6,11316,0.9681949615478516,0.908953845500946,0.00934757012873888,0.908953845500946
0.2155749350786209,0,6,11416,0.9684740900993347,0.9099054932594299,0.009341469034552574,0.9099054932594299
0.2142079472541809,0,6,11516,0.968871533870697,0.9101513624191284,0.009335333481431007,0.9101513624191284
0.21319645643234253,0,6,11616,0.9691203236579895,0.9102386236190796,0.009329162538051605,0.9102386236190796
0.211242213845253,0,6,11716,0.969649612903595,0.9112762212753296,0.009322958067059517,0.9112762212753296
0.21205875277519226,0,6,11816,0.969391942024231,0.910933256149292,0.009316719137132168,0.910933256149292
0.21164660155773163,0,6,11916,0.9694892764091492,0.9110897183418274,0.009310447610914707,0.9110897183418274
0.2109563648700714,0,6,12016,0.9696449041366577,0.9112702012062073,0.009304140694439411,0.9112702012062073
0.21100232005119324,0,6,12116,0.9696642160415649,0.9115810394287109,0.009297800250351429,0.9115810394287109
0.20980991423130035,0,6,12216,0.9699131846427917,0.9123709201812744,0.00929142627865076,0.9123709201812744
0.20917914807796478,0,6,12316,0.9700801372528076,0.9126327037811279,0.009285018779337406,0.9126327037811279
0.20837123692035675,0,6,12416,0.9701806902885437,0.9133597612380981,0.009278576821088791,0.9133597612380981
0.07345253229141235,0,7,12502,1.0,1.0,0.009157144464552402,1.0
0.2071985900402069,0,7,12602,0.9701051712036133,0.9112005233764648,0.009150341153144836,0.9112005233764648
0.19543889164924622,0,7,12702,0.9735975861549377,0.9163557291030884,0.00914350338280201,0.9163557291030884
0.19603173434734344,0,7,12802,0.9734746217727661,0.9151785969734192,0.009136633947491646,0.9151785969734192
0.19255147874355316,0,7,12902,0.9741827845573425,0.9177836775779724,0.00912973191589117,0.9177836775779724
0.1942245364189148,0,7,13002,0.9735622406005859,0.9175398945808411,0.009122795425355434,0.9175398945808411
0.19650045037269592,0,7,13102,0.9730314612388611,0.9160254001617432,0.009115827269852161,0.9160254001617432
0.1953069120645523,0,7,13202,0.9731341600418091,0.9170381426811218,0.009108827449381351,0.9170381426811218
0.19378197193145752,0,7,13302,0.9733936190605164,0.9178760647773743,0.00910179503262043,0.9178760647773743
0.19394952058792114,0,7,13402,0.9731943607330322,0.918250560760498,0.009094729088246822,0.918250560760498
0.19277158379554749,0,7,13502,0.973558247089386,0.9188936352729797,0.009087631478905678,0.9188936352729797
0.1934654265642166,0,7,13602,0.9734632968902588,0.9185967445373535,0.009080500341951847,0.9185967445373535
0.19373315572738647,0,7,13702,0.973357617855072,0.9185054302215576,0.00907333754003048,0.9185054302215576
0.19321800768375397,0,7,13802,0.9734394550323486,0.9188604950904846,0.009066143073141575,0.9188604950904846
0.19314083456993103,0,7,13902,0.9734317064285278,0.9191871881484985,0.009058916941285133,0.9191871881484985
0.19242967665195465,0,7,14002,0.9736118316650391,0.9194287061691284,0.00905165821313858,0.9194287061691284
0.1922738403081894,0,7,14102,0.9736051559448242,0.9195229411125183,0.009044368751347065,0.9195229411125183
0.19227482378482819,0,7,14202,0.9736369848251343,0.9193305373191833,0.009037046693265438,0.9193305373191833
0.0474463552236557,0,8,14288,0.9990234375,0.96875,0.008899192325770855,0.96875
0.18163275718688965,0,8,14388,0.9769155979156494,0.9238861203193665,0.008891530334949493,0.9238861203193665
0.17286589741706848,0,8,14488,0.9789943099021912,0.928016185760498,0.00888383761048317,0.928016185760498
0.176376610994339,0,8,14588,0.97748863697052,0.9273256063461304,0.008876114152371883,0.9273256063461304
0.1769506186246872,0,8,14688,0.9773305654525757,0.9266676902770996,0.008868359960615635,0.9266676902770996
0.1765964776277542,0,8,14788,0.9776269197463989,0.9267714619636536,0.008860571309924126,0.9267714619636536
0.1792355179786682,0,8,14888,0.9769495129585266,0.9265807271003723,0.008852758444845676,0.9265807271003723
0.17815223336219788,0,8,14988,0.9771619439125061,0.9263105988502502,0.008844908326864243,0.9263105988502502
0.17678406834602356,0,8,15088,0.9775466322898865,0.9271223545074463,0.008837033063173294,0.9271223545074463
0.17801615595817566,0,8,15188,0.9771891832351685,0.9269214868545532,0.008829126134514809,0.9269214868545532
0.17702485620975494,0,8,15288,0.9773362278938293,0.9281967878341675,0.008821189403533936,0.9281967878341675
0.1781773567199707,0,8,15388,0.9771456122398376,0.9275374412536621,0.008813221007585526,0.9275374412536621
0.17770011723041534,0,8,15488,0.9772154688835144,0.9277685284614563,0.008805224671959877,0.9277685284614563
0.1770949363708496,0,8,15588,0.9773602485656738,0.9278199672698975,0.008797196671366692,0.9278199672698975
0.1780870407819748,0,8,15688,0.9770678877830505,0.9277079105377197,0.008789139799773693,0.9277079105377197
0.17638938128948212,0,8,15788,0.9774207472801208,0.9285476207733154,0.008781054057180882,0.9285476207733154
0.1762409806251526,0,8,15888,0.9773663282394409,0.9285212159156799,0.008772937580943108,0.9285212159156799
0.17575806379318237,0,8,15988,0.9775359034538269,0.928626537322998,0.008764791302382946,0.928626537322998
0.06015559285879135,0,9,16074,1.0,1.0,0.008611566387116909,1.0
0.16333642601966858,0,9,16174,0.9809010028839111,0.9365717768669128,0.008603105321526527,0.9365717768669128
0.16659530997276306,0,9,16274,0.979730486869812,0.9326803684234619,0.008594613522291183,0.9326803684234619
0.1687670201063156,0,9,16374,0.9789807200431824,0.9305440187454224,0.008586094714701176,0.9305440187454224
0.16599801182746887,0,9,16474,0.9794397354125977,0.9319669604301453,0.008577547036111355,0.9319669604301453
0.165211483836174,0,9,16574,0.9797587394714355,0.9316990971565247,0.008568971417844296,0.9316990971565247
0.16492220759391785,0,9,16674,0.9798505902290344,0.9320403337478638,0.008560366928577423,0.9320403337478638
0.1650822013616562,0,9,16774,0.9795149564743042,0.9324179887771606,0.008551734499633312,0.9324179887771606
0.16533569991588593,0,9,16874,0.9794718623161316,0.9327012896537781,0.008543074131011963,0.9327012896537781
0.16717055439949036,0,9,16974,0.9790855050086975,0.9320893287658691,0.008534385822713375,0.9320893287658691
0.16604888439178467,0,9,17074,0.9792910218238831,0.9325674176216125,0.008525669574737549,0.9325674176216125
0.1667298525571823,0,9,17174,0.9792171120643616,0.9325329065322876,0.008516925387084484,0.9325329065322876
0.16590186953544617,0,9,17274,0.9793769121170044,0.9326342344284058,0.008508154191076756,0.9326342344284058
0.16622498631477356,0,9,17374,0.9792925715446472,0.9322876930236816,0.008499355055391788,0.9322876930236816
0.1675129234790802,0,9,17474,0.9791185855865479,0.9319682121276855,0.008490528911352158,0.9319682121276855
0.16712692379951477,0,9,17574,0.9792078733444214,0.9320036768913269,0.008481674827635288,0.9320036768913269
0.16692905128002167,0,9,17674,0.9792211055755615,0.932073712348938,0.00847279280424118,0.932073712348938
0.16660088300704956,0,9,17774,0.9792913198471069,0.9321355223655701,0.008463884703814983,0.9321355223655701
0.2676047384738922,0,10,17860,0.9453125,0.875,0.008296453393995762,0.875
0.16767239570617676,0,10,17960,0.9780821204185486,0.9297648668289185,0.008287256583571434,0.9297648668289185
0.15810555219650269,0,10,18060,0.9804767966270447,0.9364116787910461,0.008278031833469868,0.9364116787910461
0.15425126254558563,0,10,18160,0.9817029237747192,0.9376038312911987,0.008268782868981361,0.9376038312911987
0.15114299952983856,0,10,18260,0.9825527667999268,0.9394482374191284,0.008259505964815617,0.9394482374191284
0.151919424533844,0,10,18360,0.9824631214141846,0.9381861090660095,0.008250203914940357,0.9381861090660095
0.1531543880701065,0,10,18460,0.9820432662963867,0.9372400045394897,0.008240877650678158,0.9372400045394897
0.1530880630016327,0,10,18560,0.981877326965332,0.9378120303153992,0.008231524378061295,0.9378120303153992
0.15227895975112915,0,10,18660,0.9821264743804932,0.9382412433624268,0.008222145959734917,0.9382412433624268
0.1542493849992752,0,10,18760,0.9814876914024353,0.9375346899032593,0.008212742395699024,0.9375346899032593
0.1537114828824997,0,10,18860,0.9818305373191833,0.9379058480262756,0.008203311823308468,0.9379058480262756
0.1552075892686844,0,10,18960,0.981618344783783,0.9377554655075073,0.00819386262446642,0.9377554655075073
0.1539386361837387,0,10,19060,0.9818759560585022,0.938514769077301,0.008184381760656834,0.938514769077301
0.15345406532287598,0,10,19160,0.9819898009300232,0.9385808706283569,0.008174877613782883,0.9385808706283569
0.15374931693077087,0,10,19260,0.9819358587265015,0.9382137656211853,0.008165348321199417,0.9382137656211853
0.1540909707546234,0,10,19360,0.9818112254142761,0.9378539323806763,0.008155795745551586,0.9378539323806763
0.1540699601173401,0,10,19460,0.9818186163902283,0.9379099011421204,0.008146217092871666,0.9379099011421204
0.15337179601192474,0,10,19560,0.9819463491439819,0.9380878806114197,0.00813661515712738,0.9380878806114197
0.14140582084655762,0,11,19646,0.9912109375,0.90625,0.007956252433359623,0.90625
0.15993820130825043,0,11,19746,0.9797236323356628,0.9359529614448547,0.007946389727294445,0.9359529614448547
0.15313933789730072,0,11,19846,0.9807155132293701,0.9407649040222168,0.007936500944197178,0.9407649040222168
0.1502142995595932,0,11,19946,0.9815481901168823,0.9409260749816895,0.007926593534648418,0.9409260749816895
0.14765921235084534,0,11,20046,0.9823707938194275,0.9416303038597107,0.00791666004806757,0.9416303038597107
0.14728274941444397,0,11,20146,0.9825602769851685,0.9418662786483765,0.007906703278422356,0.9418662786483765
0.1491210162639618,0,11,20246,0.982147216796875,0.9413997530937195,0.00789672415703535,0.9413997530937195
0.14700916409492493,0,11,20346,0.9827348589897156,0.9416012763977051,0.00788672175258398,0.9416012763977051
0.1477074921131134,0,11,20446,0.982529878616333,0.9414404034614563,0.00787669699639082,0.9414404034614563
0.14827364683151245,0,11,20546,0.9825021624565125,0.9409337043762207,0.007866650819778442,0.9409337043762207
0.14653702080249786,0,11,20646,0.9827819466590881,0.9415896534919739,0.007856580428779125,0.9415896534919739
0.14739002287387848,0,11,20746,0.9824193716049194,0.9419277906417847,0.007846487686038017,0.9419277906417847
0.14795219898223877,0,11,20846,0.9822168350219727,0.9418453574180603,0.007836374454200268,0.9418453574180603
0.14721059799194336,0,11,20946,0.982365071773529,0.9421358704566956,0.007826237939298153,0.9421358704566956
0.14756380021572113,0,11,21046,0.9822547435760498,0.9419388175010681,0.007816078141331673,0.9419388175010681
0.14754489064216614,0,11,21146,0.982246458530426,0.9419553875923157,0.0078058987855911255,0.9419553875923157
0.14684343338012695,0,11,21246,0.9824661016464233,0.9419893622398376,0.007795696146786213,0.9419893622398376
0.14637309312820435,0,11,21346,0.982506275177002,0.9423500895500183,0.007785473018884659,0.9423500895500183
0.06554144620895386,0,12,21432,0.9990234375,0.96875,0.007593553047627211,0.96875
0.149317666888237,0,12,21532,0.9830155968666077,0.9405940771102905,0.007583099417388439,0.9405940771102905
0.14134825766086578,0,12,21632,0.983514130115509,0.9449626803398132,0.007572624832391739,0.9449626803398132
0.14403173327445984,0,12,21732,0.9828600883483887,0.9424833655357361,0.007562130223959684,0.9424833655357361
0.13989248871803284,0,12,21832,0.9840469360351562,0.943812370300293,0.007551616057753563,0.943812370300293
0.14017611742019653,0,12,21932,0.9839065670967102,0.9439246654510498,0.007541080471128225,0.9439246654510498
0.14006716012954712,0,12,22032,0.9841317534446716,0.9436876177787781,0.007530526723712683,0.9436876177787781
0.1395571082830429,0,12,22132,0.984216034412384,0.9432953000068665,0.007519950624555349,0.9432953000068665
0.14059863984584808,0,12,22232,0.983966052532196,0.9426888227462769,0.007509355433285236,0.9426888227462769
0.14107410609722137,0,12,22332,0.9839420318603516,0.942112922668457,0.0074987406842410564,0.942112922668457
0.14001105725765228,0,12,22432,0.9841827750205994,0.9431194067001343,0.007488105911761522,0.9431194067001343
0.14089734852313995,0,12,22532,0.9839310050010681,0.942892849445343,0.007477452978491783,0.942892849445343
0.14066143333911896,0,12,22632,0.983877420425415,0.9435105919837952,0.00746678002178669,0.9435105919837952
0.14023585617542267,0,12,22732,0.9839475750923157,0.9438652992248535,0.007456088438630104,0.9438652992248535
0.14005641639232635,0,12,22832,0.9840887188911438,0.9442585706710815,0.007445376832038164,0.9442585706710815
0.1398170292377472,0,12,22932,0.9841282367706299,0.9444537162780762,0.007434646598994732,0.9444537162780762
0.13983598351478577,0,12,23032,0.9840761423110962,0.944370687007904,0.007423898205161095,0.944370687007904
0.13908171653747559,0,12,23132,0.984115481376648,0.9446648955345154,0.007413131184875965,0.9446648955345154
0.19913288950920105,0,13,23218,0.974609375,0.875,0.0072111147455871105,0.875
0.14142681658267975,0,13,23318,0.982961118221283,0.9449257254600525,0.007200149819254875,0.9449257254600525
0.13593173027038574,0,13,23418,0.984131932258606,0.9437189102172852,0.007189167197793722,0.9437189102172852
0.13326750695705414,0,13,23518,0.9852735996246338,0.9459094405174255,0.007178167812526226,0.9459094405174255
0.13266333937644958,0,13,23618,0.985537588596344,0.9478647112846375,0.007167150266468525,0.9478647112846375
0.13112126290798187,0,13,23718,0.9858792424201965,0.948727548122406,0.007156116422265768,0.948727548122406
0.1333133429288864,0,13,23818,0.9856186509132385,0.9483672976493835,0.007145065814256668,0.9483672976493835
0.1316167414188385,0,13,23918,0.9858502745628357,0.9486002326011658,0.007133996579796076,0.9486002326011658
0.1317046582698822,0,13,24018,0.9856499433517456,0.9491651058197021,0.007122912909835577,0.9491651058197021
0.1325082927942276,0,13,24118,0.9853283166885376,0.9488415718078613,0.007111812476068735,0.9488415718078613
0.1323610097169876,0,13,24218,0.9853807091712952,0.9490509629249573,0.007100694812834263,0.9490509629249573
0.13339115679264069,0,13,24318,0.9851089119911194,0.9489100575447083,0.007089562248438597,0.9489100575447083
0.1334959864616394,0,13,24418,0.9849193692207336,0.9489747881889343,0.0070784129202365875,0.9489747881889343
0.13290053606033325,0,13,24518,0.9849110245704651,0.9491736888885498,0.007067246362566948,0.9491736888885498
0.13236205279827118,0,13,24618,0.9849892258644104,0.9493888020515442,0.007056066300719976,0.9493888020515442
0.1326720267534256,0,13,24718,0.984822154045105,0.9493046402931213,0.007044868543744087,0.9493046402931213
0.13171516358852386,0,13,24818,0.9849866032600403,0.9494847059249878,0.0070336549542844296,0.9494847059249878
0.13189101219177246,0,13,24918,0.9849729537963867,0.9495517611503601,0.007022426929324865,0.9495517611503601
0.178033247590065,0,14,25004,0.96484375,0.9375,0.006811848841607571,0.9375
0.13964679837226868,0,14,25104,0.983857274055481,0.9461633563041687,0.006800455506891012,0.9461633563041687
0.1331481635570526,0,14,25204,0.9850323796272278,0.9479166865348816,0.006789049599319696,0.9479166865348816
0.13206224143505096,0,14,25304,0.9850622415542603,0.9485049843788147,0.006777629721909761,0.9485049843788147
0.1317613124847412,0,14,25404,0.9851073026657104,0.9482543468475342,0.006766194012016058,0.9482543468475342
0.12872643768787384,0,14,25504,0.9858217835426331,0.9493513107299805,0.0067547461949288845,0.9493513107299805
0.12965749204158783,0,14,25604,0.9854633212089539,0.9487313032150269,0.006743282079696655,0.9487313032150269
0.12851789593696594,0,14,25704,0.9856010675430298,0.9491797685623169,0.006731805857270956,0.9491797685623169
0.1281319409608841,0,14,25804,0.9856624603271484,0.9491260647773743,0.0067203170619904995,0.9491260647773743
0.12890976667404175,0,14,25904,0.9853591918945312,0.9490496516227722,0.006708814762532711,0.9490496516227722
0.12811441719532013,0,14,26004,0.9855903387069702,0.9494255781173706,0.006697298493236303,0.9494255781173706
0.12989749014377594,0,14,26104,0.9853183031082153,0.9488533139228821,0.006685768719762564,0.9488533139228821
0.12963458895683289,0,14,26204,0.9852734804153442,0.9490008354187012,0.006674227304756641,0.9490008354187012
0.12885643541812897,0,14,26304,0.9854221343994141,0.9494619369506836,0.006662672385573387,0.9494619369506836
0.12894006073474884,0,14,26404,0.9854956865310669,0.949411153793335,0.006651104893535376,0.949411153793335
0.12776336073875427,0,14,26504,0.985673725605011,0.9499292373657227,0.006639525759965181,0.9499292373657227
0.1276211440563202,0,14,26604,0.985518217086792,0.9502654671669006,0.0066279335878789425,0.9502654671669006
0.12734822928905487,0,14,26704,0.9855924844741821,0.9500110149383545,0.006616328377276659,0.9500110149383545
0.1183355450630188,0,15,26790,0.98828125,0.9375,0.006398793309926987,0.9375
0.11979788541793823,0,15,26890,0.987363338470459,0.9563737511634827,0.006387059111148119,0.9563737511634827
0.1142793521285057,0,15,26990,0.988660991191864,0.9558457732200623,0.006375315599143505,0.9558457732200623
0.11473074555397034,0,15,27090,0.9888079166412354,0.954734206199646,0.006363559048622847,0.954734206199646
0.11516503244638443,0,15,27190,0.9885668754577637,0.9554239511489868,0.006351795047521591,0.9554239511489868
0.11600089073181152,0,15,27290,0.988167941570282,0.955089807510376,0.006340019404888153,0.955089807510376
0.11746742576360703,0,15,27390,0.9879624247550964,0.9539309740066528,0.006328232120722532,0.9539309740066528
0.11723221093416214,0,15,27490,0.9880087375640869,0.9537714123725891,0.006316440645605326,0.9537714123725891
0.11749127507209778,0,15,27590,0.9879804253578186,0.9540027976036072,0.006304630544036627,0.9540027976036072
0.11783454567193985,0,15,27690,0.9877462387084961,0.9540441036224365,0.00629281485453248,0.9540441036224365
0.11740066856145859,0,15,27790,0.9877275824546814,0.9542332887649536,0.0062809837982058525,0.9542332887649536
0.1192561686038971,0,15,27890,0.9874153733253479,0.9537636041641235,0.006269152741879225,0.9537636041641235
0.12059451639652252,0,15,27990,0.9871117472648621,0.9533201456069946,0.006257306318730116,0.9533201456069946
0.12115129083395004,0,15,28090,0.986990213394165,0.9532090425491333,0.006245448719710112,0.9532090425491333
0.12113688886165619,0,15,28190,0.986965000629425,0.9530246257781982,0.0062335822731256485,0.9530246257781982
0.12044819444417953,0,15,28290,0.987080454826355,0.953489363193512,0.0062217083759605885,0.953489363193512
0.12074187397956848,0,15,28390,0.9869911670684814,0.953388512134552,0.006209828425198793,0.953388512134552
0.1211245208978653,0,15,28490,0.9869306683540344,0.9530423283576965,0.006197934504598379,0.9530423283576965
0.06611065566539764,0,16,28576,0.9970703125,0.96875,0.005975091829895973,0.96875
0.11701232939958572,0,16,28676,0.9871811866760254,0.9529703259468079,0.005963106174021959,0.9529703259468079
0.12117442488670349,0,16,28776,0.9861051440238953,0.9508706331253052,0.00595111632719636,0.9508706331253052
0.12715688347816467,0,16,28876,0.9854082465171814,0.9487126469612122,0.005939115304499865,0.9487126469612122
0.12575401365756989,0,16,28976,0.9857048988342285,0.9494233131408691,0.005927113816142082,0.9494233131408691
0.12371010333299637,0,16,29076,0.986290693283081,0.94985032081604,0.005915096960961819,0.94985032081604
0.12605246901512146,0,16,29176,0.9859679937362671,0.9490432739257812,0.005903074983507395,0.9490432739257812
0.12328406423330307,0,16,29276,0.9865567088127136,0.9502496719360352,0.005891043692827225,0.9502496719360352
0.12269138544797897,0,16,29376,0.9866662621498108,0.9505305886268616,0.005879008676856756,0.9505305886268616
0.12223458290100098,0,16,29476,0.9868281483650208,0.950541079044342,0.005866968538612127,0.950541079044342
0.12189771980047226,0,16,29576,0.9866815209388733,0.9510489702224731,0.005854920018464327,0.9510489702224731
0.12283502519130707,0,16,29676,0.9865571856498718,0.9510672092437744,0.005842864513397217,0.9510672092437744
0.12232990562915802,0,16,29776,0.986588180065155,0.9515247941017151,0.005830805748701096,0.9515247941017151
0.12193558365106583,0,16,29876,0.9865972995758057,0.951911985874176,0.005818737670779228,0.951911985874176
0.12354404479265213,0,16,29976,0.9864770174026489,0.9515970945358276,0.005806665401905775,0.9515970945358276
0.12416000664234161,0,16,30076,0.9864166378974915,0.9514490365982056,0.005794587545096874,0.9514490365982056
0.12400661408901215,0,16,30176,0.9863522052764893,0.9515732526779175,0.005782503634691238,0.9515732526779175
0.12316911667585373,0,16,30276,0.9865078330039978,0.951646089553833,0.005770414136350155,0.951646089553833
0.12265323847532272,0,17,30362,0.98828125,0.9375,0.005543969571590424,0.9375
0.11145412921905518,0,17,30462,0.9893621802330017,0.9551361203193665,0.0055318246595561504,0.9551361203193665
0.10769094526767731,0,17,30562,0.9892159104347229,0.9598880410194397,0.0055196769535541534,0.9598880410194397
0.10941493511199951,0,17,30662,0.9884963631629944,0.9574335813522339,0.005507523659616709,0.9574335813522339
0.11126454919576645,0,17,30762,0.9880220293998718,0.9569045901298523,0.005495366174727678,0.9569045901298523
0.11088915914297104,0,17,30862,0.9881575703620911,0.9568363428115845,0.005483204964548349,0.9568363428115845
0.11206655204296112,0,17,30962,0.9881021976470947,0.9568947553634644,0.005471040494740009,0.9568947553634644
0.11168824881315231,0,17,31062,0.9881250858306885,0.9570257067680359,0.005458872765302658,0.9570257067680359
0.11229432374238968,0,17,31162,0.9878036975860596,0.9572799801826477,0.005446700844913721,0.9572799801826477
0.11264806985855103,0,17,31262,0.9876737594604492,0.9568188190460205,0.00543452613055706,0.9568188190460205
0.11282654106616974,0,17,31362,0.9877517223358154,0.9565746784210205,0.00542234955355525,0.9565746784210205
0.11363677680492401,0,17,31462,0.9877919554710388,0.9563181400299072,0.005410169716924429,0.9563181400299072
0.11369377374649048,0,17,31562,0.9878221750259399,0.956208348274231,0.005397986155003309,0.956208348274231
0.1140231266617775,0,17,31662,0.9877908825874329,0.955971360206604,0.00538580073043704,0.955971360206604
0.11410461366176605,0,17,31762,0.9877893328666687,0.955968976020813,0.0053736125119030476,0.955968976020813
0.11362230032682419,0,17,31862,0.9878177046775818,0.9561125636100769,0.005361421499401331,0.9561125636100769
0.11343187093734741,0,17,31962,0.9879422783851624,0.9561797380447388,0.005349230021238327,0.9561797380447388
0.11295980215072632,0,17,32062,0.9880059361457825,0.956532895565033,0.005337035283446312,0.956532895565033
0.06271505355834961,0,18,32148,0.9990234375,0.96875,0.005108707584440708,0.96875
0.11689309775829315,0,18,32248,0.9865953326225281,0.9554455280303955,0.005096494685858488,0.9554455280303955
0.10654432326555252,0,18,32348,0.9885193705558777,0.9597325921058655,0.005084280855953693,0.9597325921058655
0.11183696240186691,0,18,32448,0.987208366394043,0.9569144248962402,0.005072067026048899,0.9569144248962402
0.11185935884714127,0,18,32548,0.9873422980308533,0.9572942852973938,0.005059854127466679,0.9572942852973938
0.10988299548625946,0,18,32648,0.9881970882415771,0.9577719569206238,0.005047637969255447,0.9577719569206238
0.11180506646633148,0,18,32748,0.9878876209259033,0.9571027159690857,0.005035423208028078,0.9571027159690857
0.1107764020562172,0,18,32848,0.9882135987281799,0.957471489906311,0.005023207515478134,0.957471489906311
0.11036907881498337,0,18,32948,0.9883227348327637,0.9572409391403198,0.0050109922885894775,0.9572409391403198
0.11020404100418091,0,18,33048,0.9883169531822205,0.9572697281837463,0.004998777527362108,0.9572697281837463
0.10984990745782852,0,18,33148,0.9883381128311157,0.9577297568321228,0.0049865636974573135,0.9577297568321228
0.11047805100679398,0,18,33248,0.9881475567817688,0.9576237797737122,0.004974349867552519,0.9576237797737122
0.11074834316968918,0,18,33348,0.9881210327148438,0.957613468170166,0.004962137900292873,0.957613468170166
0.11100785434246063,0,18,33448,0.9881681799888611,0.9573644995689392,0.004949925001710653,0.9573644995689392
0.11027967929840088,0,18,33548,0.9882342219352722,0.9577534198760986,0.00493771443143487,0.9577534198760986
0.10944872349500656,0,18,33648,0.988385796546936,0.9581945538520813,0.004925505258142948,0.9581945538520813
0.1090284064412117,0,18,33748,0.9884297847747803,0.9582682847976685,0.0049132960848510265,0.9582682847976685
0.10895119607448578,0,18,33848,0.9884388446807861,0.9581496119499207,0.004901089705526829,0.9581496119499207
0.11790404468774796,0,19,33934,0.96484375,0.96875,0.004672618582844734,0.96875
0.11230289191007614,0,19,34034,0.9875316023826599,0.9569925665855408,0.004660430364310741,0.9569925665855408
0.10925678163766861,0,19,34134,0.9885174036026001,0.9570895433425903,0.00464824540540576,0.9570895433425903
0.11054649204015732,0,19,34234,0.9880391955375671,0.9574335813522339,0.004636064171791077,0.9574335813522339
0.10725554823875427,0,19,34334,0.9887544512748718,0.9585411548614502,0.004623884800821543,0.9585411548614502
0.10450786352157593,0,19,34434,0.9893198609352112,0.9594560861587524,0.0046117110177874565,0.9594560861587524
0.10524385422468185,0,19,34534,0.9892138838768005,0.958350658416748,0.004599538166075945,0.958350658416748
0.10573584586381912,0,19,34634,0.9891157746315002,0.9576051831245422,0.0045873685739934444,0.9576051831245422
0.10554936528205872,0,19,34734,0.989211916923523,0.9575140476226807,0.0045752027072012424,0.9575140476226807
0.10745043307542801,0,19,34834,0.988998532295227,0.9570268988609314,0.004563040100038052,0.9570268988609314
0.10811331123113632,0,19,34934,0.9887838959693909,0.9569180607795715,0.0045508830808103085,0.9569180607795715
0.10891992598772049,0,19,35034,0.9885954260826111,0.9569993019104004,0.004538728389889002,0.9569993019104004
0.10858146846294403,0,19,35134,0.9886515736579895,0.9575353860855103,0.004526578355580568,0.9575353860855103
0.10836867988109589,0,19,35234,0.9886852502822876,0.9577488303184509,0.004514433443546295,0.9577488303184509
0.10774572938680649,0,19,35334,0.988793671131134,0.9581549167633057,0.004502292722463608,0.9581549167633057
0.10694709420204163,0,19,35434,0.9888294339179993,0.9585900902748108,0.004490156192332506,0.9585900902748108
0.10679487138986588,0,19,35534,0.9888064861297607,0.9587953090667725,0.004478025250136852,0.9587953090667725
0.10671428591012955,0,19,35634,0.9888105988502502,0.9587374925613403,0.004465898964554071,0.9587374925613403
0.059193626046180725,0,20,35720,0.9990234375,0.96875,0.004239020403474569,0.96875
0.10551279783248901,0,20,35820,0.9890527129173279,0.9603960514068604,0.00422695092856884,0.9603960514068604
0.09819506108760834,0,20,35920,0.9902251362800598,0.9609763622283936,0.004214887507259846,0.9609763622283936
0.10301755368709564,0,20,36020,0.9893249273300171,0.9586793780326843,0.004202831536531448,0.9586793780326843
0.10100281238555908,0,20,36120,0.9897139668464661,0.9597880244255066,0.004190779756754637,0.9597880244255066
0.09899574518203735,0,20,36220,0.9900545477867126,0.9608907103538513,0.004178732633590698,0.9608907103538513
0.10012158006429672,0,20,36320,0.9899951219558716,0.9606385231018066,0.00416669761762023,0.9606385231018066
0.09989206492900848,0,20,36420,0.9899421334266663,0.960948646068573,0.004154662601649761,0.960948646068573
0.09965065866708755,0,20,36520,0.9900356531143188,0.9613373875617981,0.004142639227211475,0.9613373875617981
0.10062524676322937,0,20,36620,0.9898157715797424,0.9609808325767517,0.00413062609732151,0.9609808325767517
0.10020454972982407,0,20,36720,0.9899201393127441,0.96107017993927,0.004118617624044418,0.96107017993927
0.10113988816738129,0,20,36820,0.9899309277534485,0.960689127445221,0.004106616601347923,0.960689127445221
0.10193097591400146,0,20,36920,0.9897153973579407,0.9604496359825134,0.004094618372619152,0.9604496359825134
0.10181188583374023,0,20,37020,0.9898132085800171,0.9603430032730103,0.0040826317854225636,0.9603430032730103
0.10149649530649185,0,20,37120,0.9898345470428467,0.9604746699333191,0.004070654511451721,0.9604746699333191
0.10146831721067429,0,20,37220,0.9897655844688416,0.9606304168701172,0.004058685153722763,0.9606304168701172
0.10181873291730881,0,20,37320,0.9897363185882568,0.9606300592422485,0.004046721383929253,0.9606300592422485
0.10189960896968842,0,20,37420,0.9897063970565796,0.9606114029884338,0.004034764599055052,0.9606114029884338
0.05324609577655792,0,21,37506,0.99658203125,0.9375,0.0038112145848572254,0.9375
0.10412979125976562,0,21,37606,0.9902239441871643,0.9548267126083374,0.0037993534933775663,0.9548267126083374
0.10181030631065369,0,21,37706,0.9895467758178711,0.9587997794151306,0.0037875042762607336,0.9587997794151306
0.10257143527269363,0,21,37806,0.9888771772384644,0.9582641124725342,0.003775662276893854,0.9582641124725342
0.10257245600223541,0,21,37906,0.9890819787979126,0.959164559841156,0.003763830289244652,0.959164559841156
0.10073946416378021,0,21,38006,0.9894497394561768,0.9602669477462769,0.003752009943127632,0.9602669477462769
0.1028113141655922,0,21,38106,0.9890798926353455,0.9594426155090332,0.0037401989102363586,0.9594426155090332
0.10162793099880219,0,21,38206,0.9892873764038086,0.9597449898719788,0.003728399984538555,0.9597449898719788
0.10043389350175858,0,21,38306,0.9895449280738831,0.9601669907569885,0.003716610139235854,0.9601669907569885
0.09927310049533844,0,21,38406,0.9898678064346313,0.9605299830436707,0.0037048300728201866,0.9605299830436707
0.09851545095443726,0,21,38506,0.9898801445960999,0.9609765410423279,0.0036930604837834835,0.9609765410423279
0.09957284480333328,0,21,38606,0.9896562099456787,0.9608878493309021,0.003681304631754756,0.9608878493309021
0.09984384477138519,0,21,38706,0.9896382689476013,0.9609700441360474,0.0036695576272904873,0.9609700441360474
0.09948371350765228,0,21,38806,0.989770233631134,0.9609915614128113,0.003657821798697114,0.9609915614128113
0.09997885674238205,0,21,38906,0.9896725416183472,0.9609653949737549,0.003646097145974636,0.9609653949737549
0.0994337946176529,0,21,39006,0.9897607564926147,0.9612341523170471,0.0036343836691230536,0.9612341523170471
0.09945240616798401,0,21,39106,0.9897573590278625,0.9612936973571777,0.0036226820666342974,0.9612936973571777
0.09929826855659485,0,21,39206,0.9897736310958862,0.9613829851150513,0.003610992105677724,0.9613829851150513
0.1540856659412384,0,22,39292,0.96484375,0.9375,0.0033924554008990526,0.9375
0.09815867245197296,0,22,39392,0.9892857670783997,0.9619430899620056,0.003380895359441638,0.9619430899620056
0.0935235470533371,0,22,39492,0.9905334711074829,0.9653295874595642,0.003369347658008337,0.9653295874595642
0.09700872749090195,0,22,39592,0.9899848699569702,0.963247537612915,0.0033578132279217243,0.963247537612915
0.09571816772222519,0,22,39692,0.9901339411735535,0.9641520977020264,0.0033462918363511562,0.9641520977020264
0.09482507407665253,0,22,39792,0.9904108643531799,0.9640718698501587,0.0033347844146192074,0.9640718698501587
0.09792525321245193,0,22,39892,0.9897894263267517,0.9626144170761108,0.0033232897985726595,0.9626144170761108
0.0959324836730957,0,22,39992,0.9901567101478577,0.9633558988571167,0.003311808919534087,0.9633558988571167
0.09549633413553238,0,22,40092,0.9902665019035339,0.9635221362113953,0.003300342010334134,0.9635221362113953
0.0961395874619484,0,22,40192,0.990107536315918,0.963443398475647,0.0032888881396502256,0.963443398475647
0.09617803990840912,0,22,40292,0.9899795055389404,0.9636301398277283,0.0032774496357887983,0.9636301398277283
0.09575989097356796,0,22,40392,0.9901075959205627,0.9639531970024109,0.003266025334596634,0.9639531970024109
0.09644398838281631,0,22,40492,0.9899478554725647,0.963728129863739,0.003254614770412445,0.963728129863739
0.09584684669971466,0,22,40592,0.9900404214859009,0.9638979434967041,0.0032432186417281628,0.9638979434967041
0.09634798020124435,0,22,40692,0.9898777008056641,0.9638428092002869,0.0032318378798663616,0.9638428092002869
0.09545639157295227,0,22,40792,0.9900791049003601,0.9642530083656311,0.0032204703893512487,0.9642530083656311
0.09588974714279175,0,22,40892,0.9899921417236328,0.9640458822250366,0.0032091184984892607,0.9640458822250366
0.0955623984336853,0,22,40992,0.990074098110199,0.9639917612075806,0.0031977815087884665,0.9639917612075806
0.0053021893836557865,0,23,41078,1.0,1.0,0.0029859307687729597,1.0
0.09768319129943848,0,23,41178,0.9905583262443542,0.9625619053840637,0.0029747607186436653,0.9625619053840637
0.09033297002315521,0,23,41278,0.9917811751365662,0.9657959938049316,0.0029636032413691282,0.9657959938049316
0.09014923125505447,0,23,41378,0.9915304780006409,0.9660506844520569,0.002952463226392865,0.9660506844520569
0.0868406593799591,0,23,41478,0.9918368458747864,0.967581033706665,0.0029413397423923016,0.967581033706665
0.08586984127759933,0,23,41578,0.9919882416725159,0.9673153758049011,0.0029302320908755064,0.9673153758049011
0.08850152790546417,0,23,41678,0.9915966391563416,0.9663061499595642,0.0029191419016569853,0.9663061499595642
0.08849485218524933,0,23,41778,0.9916562438011169,0.9657186269760132,0.002908068709075451,0.9657186269760132
0.08983174711465836,0,23,41878,0.991321861743927,0.9652777910232544,0.0028970125131309032,0.9652777910232544
0.08985831588506699,0,23,41978,0.9913061261177063,0.9653509855270386,0.0028859730809926987,0.9653509855270386
0.0900607630610466,0,23,42078,0.9912028312683105,0.9655032753944397,0.002874950412660837,0.9655032753944397
0.09049160033464432,0,23,42178,0.991248369216919,0.9651169180870056,0.0028639454394578934,0.9651169180870056
0.0907800942659378,0,23,42278,0.9911720752716064,0.9650031328201294,0.0028529579285532236,0.9650031328201294
0.09042315930128098,0,23,42378,0.9913219809532166,0.9650749564170837,0.002841988345608115,0.9650749564170837
0.08988482505083084,0,23,42478,0.9913434982299805,0.9654041528701782,0.002831036224961281,0.9654041528701782
0.08997408300638199,0,23,42578,0.9913387298583984,0.9654605388641357,0.002820102032274008,0.9654605388641357
0.09003458172082901,0,23,42678,0.9912848472595215,0.9655488729476929,0.0028091860003769398,0.9655488729476929
0.08967716991901398,0,23,42778,0.9913275241851807,0.9658105373382568,0.002798287896439433,0.9658105373382568
0.020653201267123222,0,24,42864,1.0,1.0,0.0025947343092411757,1.0
0.0836038887500763,0,24,42964,0.9917839169502258,0.9715346693992615,0.002584034577012062,0.9715346693992615
0.08078180998563766,0,24,43064,0.9923118352890015,0.9720149040222168,0.002573354635387659,0.9720149040222168
0.08542933315038681,0,24,43164,0.9914054274559021,0.9690614342689514,0.0025626944843679667,0.9690614342689514
0.0836329311132431,0,24,43264,0.9919115304946899,0.9700748324394226,0.0025520529597997665,0.9700748324394226
0.08197255432605743,0,24,43364,0.9923130869865417,0.9697480201721191,0.0025414314586669207,0.9697480201721191
0.08505970984697342,0,24,43464,0.9919305443763733,0.9681260585784912,0.0025308297481387854,0.9681260585784912
0.08573286980390549,0,24,43564,0.9919205904006958,0.9671897292137146,0.002520247595384717,0.9671897292137146
0.08531775325536728,0,24,43664,0.9920738339424133,0.9672674536705017,0.002509685233235359,0.9672674536705017
0.08680503070354462,0,24,43764,0.9918059706687927,0.9668771028518677,0.0024991438258439302,0.9668771028518677
0.0867745652794838,0,24,43864,0.991737425327301,0.9672827124595642,0.0024886219762265682,0.9672827124595642
0.08748914301395416,0,24,43964,0.9915751814842224,0.9670186042785645,0.002478121081367135,0.9670186042785645
0.08749169111251831,0,24,44064,0.9915449619293213,0.9670326709747314,0.0024676404427736998,0.9670326709747314
0.08717045187950134,0,24,44164,0.9916361570358276,0.96711665391922,0.002457180293276906,0.96711665391922
0.08670476824045181,0,24,44264,0.9916931986808777,0.9673447608947754,0.002446741098538041,0.9673447608947754
0.08601617068052292,0,24,44364,0.9918671250343323,0.9676257371902466,0.0024363230913877487,0.9676257371902466
0.08623640239238739,0,24,44464,0.9917281866073608,0.9675008058547974,0.0024259258061647415,0.9675008058547974
0.08604016900062561,0,24,44564,0.9917224645614624,0.9675742387771606,0.002415549010038376,0.9675742387771606
0.09025262296199799,0,25,44650,0.99609375,0.9375,0.0022218439262360334,0.9375
0.0862935483455658,0,25,44750,0.9914945960044861,0.9659653306007385,0.0022116987966001034,0.9659653306007385
0.08223000913858414,0,25,44850,0.9918059706687927,0.9670398235321045,0.0022015757858753204,0.9670398235321045
0.08513593673706055,0,25,44950,0.991908073425293,0.9660506844520569,0.002191475359722972,0.9660506844520569
0.08532247692346573,0,25,45050,0.9916346073150635,0.9667237997055054,0.002181397518143058,0.9667237997055054
0.0840880423784256,0,25,45150,0.9920347332954407,0.9668163657188416,0.0021713420283049345,0.9668163657188416
0.08618956059217453,0,25,45250,0.9916749596595764,0.966150164604187,0.0021613091230392456,0.966150164604187
0.08513740450143814,0,25,45350,0.9919304847717285,0.9664318561553955,0.0021513004321604967,0.9664318561553955
0.08478102087974548,0,25,45450,0.9919392466545105,0.9667212963104248,0.002141313161700964,0.9667212963104248
0.0860513225197792,0,25,45550,0.9916231632232666,0.966218113899231,0.0021313494071364403,0.966218113899231
0.08551918715238571,0,25,45650,0.9915428161621094,0.9665022492408752,0.002121408237144351,0.9665022492408752
0.08554904162883759,0,25,45750,0.9914858341217041,0.9669334888458252,0.002111491048708558,0.9669334888458252
0.08545996248722076,0,25,45850,0.9914262890815735,0.9671887755393982,0.002101597376167774,0.9671887755393982
0.08504457771778107,0,25,45950,0.9914987683296204,0.9674289226531982,0.0020917269866913557,0.9674289226531982
0.0840851441025734,0,25,46050,0.9917089939117432,0.9678354859352112,0.0020818801131099463,0.9678354859352112
0.08362621814012527,0,25,46150,0.991739809513092,0.9682919979095459,0.002072057221084833,0.9682919979095459
0.08328025788068771,0,25,46250,0.991791307926178,0.9682425260543823,0.0020622580777853727,0.9682425260543823
0.08281746506690979,0,25,46350,0.9918889403343201,0.9685295224189758,0.0020524829160422087,0.9685295224189758
0.11721818149089813,0,26,46436,0.9912109375,0.90625,0.0018700965447351336,0.90625
0.08115366846323013,0,26,46536,0.9924740195274353,0.9696782231330872,0.0018605832010507584,0.9696782231330872
0.07571996748447418,0,26,46636,0.9931556582450867,0.9717040061950684,0.0018510948866605759,0.9717040061950684
0.07964880764484406,0,26,46736,0.9924479722976685,0.9702034592628479,0.001841631019487977,0.9702034592628479
0.078517846763134,0,26,46836,0.9924927949905396,0.9713996052742004,0.0018321932293474674,0.9713996052742004
0.07654522359371185,0,26,46936,0.9930245876312256,0.9712449908256531,0.0018227807013317943,0.9712449908256531
0.07883592694997787,0,26,47036,0.9927554726600647,0.9699459075927734,0.0018133934354409575,0.9699459075927734
0.0792587623000145,0,26,47136,0.9928271174430847,0.9693741202354431,0.0018040317809209228,0.9693741202354431
0.07942503690719604,0,26,47236,0.9928527474403381,0.9688670635223389,0.0017946958541870117,0.9688670635223389
0.07975494861602783,0,26,47336,0.9927023649215698,0.9686112403869629,0.001785385888069868,0.9686112403869629
0.07904653251171112,0,26,47436,0.9929268956184387,0.9686251282691956,0.0017761014169082046,0.9686251282691956
0.08040062338113785,0,26,47536,0.9925891757011414,0.9680687785148621,0.0017668433720245957,0.9680687785148621
0.08072113245725632,0,26,47636,0.992522656917572,0.9680474400520325,0.0017576114041730762,0.9680474400520325
0.0805368423461914,0,26,47736,0.9926303029060364,0.9681975245475769,0.0017484055133536458,0.9681975245475769
0.08022478967905045,0,26,47836,0.9926173686981201,0.9685938358306885,0.0017392260488122702,0.9685938358306885
0.08042042702436447,0,26,47936,0.9925218224525452,0.9685834646224976,0.0017300727777183056,0.9685834646224976
0.0800127312541008,0,26,48036,0.9925353527069092,0.9688866138458252,0.0017209461657330394,0.9688866138458252
0.07958836108446121,0,26,48136,0.9926194548606873,0.9690071940422058,0.0017118463292717934,0.9690071940422058
0.04640122875571251,0,27,48222,1.0,1.0,0.0015421697171404958,1.0
0.0754084512591362,0,27,48322,0.9939433932304382,0.9727723002433777,0.0015333602204918861,0.9727723002433777
0.07245461642742157,0,27,48422,0.9938020706176758,0.9734141826629639,0.0015245783142745495,0.9734141826629639
0.07544342428445816,0,27,48522,0.9934136271476746,0.9715531468391418,0.0015158242313191295,0.9715531468391418
0.07430577278137207,0,27,48622,0.9935930967330933,0.9719451665878296,0.0015070977387949824,0.9719451665878296
0.0741024985909462,0,27,48722,0.993489682674408,0.9720559120178223,0.0014983994187787175,0.9720559120178223
0.07508642971515656,0,27,48822,0.9933029413223267,0.9711418747901917,0.001489729154855013,0.9711418747901917
0.07569129765033722,0,27,48922,0.9933013916015625,0.9710681438446045,0.0014810869470238686,0.9710681438446045
0.07595913857221603,0,27,49022,0.9932254552841187,0.9707787036895752,0.0014724730281159282,0.9707787036895752
0.07610423862934113,0,27,49122,0.9931979179382324,0.9705188870429993,0.0014638875145465136,0.9705188870429993
0.0759526863694191,0,27,49222,0.9931524395942688,0.9707167744636536,0.0014553305227309465,0.9707167744636536
0.07653076201677322,0,27,49322,0.9930363297462463,0.970793604850769,0.0014468018198385835,0.970793604850769
0.07725591212511063,0,27,49422,0.9928074479103088,0.9706234335899353,0.0014383021043613553,0.9706234335899353
0.07776425778865814,0,27,49522,0.9927876591682434,0.9702392220497131,0.0014298309106379747,0.9702392220497131
0.07796009629964828,0,27,49622,0.9927271604537964,0.9702221751213074,0.0014213885879144073,0.9702221751213074
0.07752006500959396,0,27,49722,0.9927870035171509,0.9706029295921326,0.0014129753690212965,0.9706029295921326
0.07747049629688263,0,27,49822,0.9927895069122314,0.9705652594566345,0.0014045911375433207,0.9705652594566345
0.07747886329889297,0,27,49922,0.992784321308136,0.9704952836036682,0.0013962361263111234,0.9704952836036682
0.009851329028606415,0,28,50008,1.0,1.0,0.0012405591551214457,1.0
0.07493636757135391,0,28,50108,0.9927759170532227,0.9702970385551453,0.0012325207935646176,0.9702970385551453
0.07512476295232773,0,28,50208,0.9927394986152649,0.9715484976768494,0.001224512467160821,0.9715484976768494
0.07425349950790405,0,28,50308,0.9930365085601807,0.9722799062728882,0.001216534641571343,0.9722799062728882
0.07373601198196411,0,28,50408,0.9932923913002014,0.9715554714202881,0.0012085865018889308,0.9715554714202881
0.0731489360332489,0,28,50508,0.9935057759284973,0.9711202383041382,0.0012006687466055155,0.9711202383041382
0.07384733110666275,0,28,50608,0.9933875799179077,0.9706218838691711,0.0011927810264751315,0.9706218838691711
0.07395490258932114,0,28,50708,0.9933634400367737,0.9705777168273926,0.0011849243892356753,0.9705777168273926
0.07331416010856628,0,28,50808,0.9934992790222168,0.9708177447319031,0.0011770980199798942,0.9708177447319031
0.07330896705389023,0,28,50908,0.9935117959976196,0.9710044264793396,0.0011693023843690753,0.9710044264793396
0.07248105853796005,0,28,51008,0.9936743974685669,0.9714348316192627,0.0011615375988185406,0.9714348316192627
0.07275880873203278,0,28,51108,0.9936452507972717,0.9709638953208923,0.0011538033140823245,0.9709638953208923
0.0724833607673645,0,28,51208,0.9936431646347046,0.9713259935379028,0.0011461001122370362,0.9713259935379028
0.07264259457588196,0,28,51308,0.9936396479606628,0.971127986907959,0.0011384281096979976,0.971127986907959
0.07337329536676407,0,28,51408,0.9934665560722351,0.9711589813232422,0.0011307871900498867,0.9711589813232422
0.07338187843561172,0,28,51508,0.9934298396110535,0.9712691307067871,0.0011231774697080255,0.9712691307067871
0.07399602234363556,0,28,51608,0.9933129549026489,0.970936119556427,0.0011155990650877357,0.970936119556427
0.07402080297470093,0,28,51708,0.9933528900146484,0.9710096716880798,0.0011080519761890173,0.9710096716880798
0.03567003831267357,0,29,51794,0.9990234375,0.96875,0.0009675603942014277,0.96875
0.07680424302816391,0,29,51894,0.9924327731132507,0.9699876308441162,0.000960353878326714,0.9699876308441162
0.07491704821586609,0,29,51994,0.9928831458091736,0.9712375402450562,0.0009531799587421119,0.9712375402450562
0.07441026717424393,0,29,52094,0.9931080937385559,0.971034049987793,0.0009460381115786731,0.971034049987793
0.07275708019733429,0,29,52194,0.9932272434234619,0.972023069858551,0.0009389286860823631,0.972023069858551
0.0716577023267746,0,29,52294,0.9932183027267456,0.9723677635192871,0.0009318517404608428,0.9723677635192871
0.07300454378128052,0,29,52394,0.9930616021156311,0.9720777869224548,0.0009248070418834686,0.9720777869224548
0.07188685983419418,0,29,52494,0.9933260083198547,0.9724500775337219,0.0009177952306345105,0.9724500775337219
0.07166798412799835,0,29,52594,0.9933805465698242,0.9720661640167236,0.0009108161320909858,0.9720661640167236
0.0708819329738617,0,29,52694,0.993627667427063,0.9723917841911316,0.0009038696880452335,0.9723917841911316
0.07065755873918533,0,29,52794,0.9936030507087708,0.9727147817611694,0.0008969561895355582,0.9727147817611694
0.07078276574611664,0,29,52894,0.9935162663459778,0.9729506969451904,0.0008900757529772818,0.9729506969451904
0.07130098342895508,0,29,52994,0.9934211373329163,0.9727310538291931,0.0008832282037474215,0.9727310538291931
0.07130805402994156,0,29,53094,0.9934061169624329,0.9725931882858276,0.0008764134836383164,0.9725931882858276
0.07087065279483795,0,29,53194,0.9934762120246887,0.9730995893478394,0.0008696321747265756,0.9730995893478394
0.07079990208148956,0,29,53294,0.9934511780738831,0.9732261896133423,0.0008628839859738946,0.9732261896133423
0.07086692750453949,0,29,53394,0.9934948682785034,0.9729856252670288,0.0008561692084185779,0.9729856252670288
0.07057474553585052,0,29,53494,0.9935781955718994,0.9731040596961975,0.0008494880166836083,0.9731040596961975
0.08851554989814758,0,30,53580,0.9951171875,0.96875,0.0007252505165524781,0.96875
0.07073304057121277,0,30,53680,0.9933375120162964,0.9749380946159363,0.0007189312600530684,0.9749380946159363
0.06833206117153168,0,30,53780,0.993757426738739,0.9743469953536987,0.0007126462296582758,0.9743469953536987
0.07027523964643478,0,30,53880,0.9936239719390869,0.9729028344154358,0.0007063953671604395,0.9729028344154358
0.06778369098901749,0,30,53980,0.9941232204437256,0.9743609428405762,0.0007001786725595593,0.9743609428405762
0.06607804447412491,0,30,54080,0.9944797158241272,0.9752370119094849,0.0006939963786862791,0.9752370119094849
0.06827003508806229,0,30,54180,0.9940383434295654,0.9738976955413818,0.0006878484855405986,0.9738976955413818
0.06783600151538849,0,30,54280,0.9941810369491577,0.9737874269485474,0.0006817349931225181,0.9737874269485474
0.06757447123527527,0,30,54380,0.9943115711212158,0.9733926057815552,0.0006756570655852556,0.9733926057815552
0.06874963641166687,0,30,54480,0.9940840601921082,0.9729813933372498,0.0006696125492453575,0.9729813933372498
0.06842269003391266,0,30,54580,0.9940719604492188,0.9730893969535828,0.0006636028410866857,0.9730893969535828
0.06841352581977844,0,30,54680,0.9940884709358215,0.9732913374900818,0.0006576278246939182,0.9732913374900818
0.06798752397298813,0,30,54780,0.9941090941429138,0.9735376834869385,0.0006516878493130207,0.9735376834869385
0.06851839274168015,0,30,54880,0.9940044283866882,0.9735540151596069,0.0006457826239056885,0.9735540151596069
0.06858424097299576,0,30,54980,0.9939332008361816,0.9736126065254211,0.0006399124395102262,0.9736126065254211
0.06854255497455597,0,30,55080,0.9940289855003357,0.9737258553504944,0.000634077237918973,0.9737258553504944
0.06885740906000137,0,30,55180,0.9939278364181519,0.973785936832428,0.0006282771937549114,0.973785936832428
0.06893417984247208,0,30,55280,0.9939242601394653,0.9735633730888367,0.0006225123070180416,0.9735633730888367
0.029625656083226204,0,31,55366,0.9990234375,0.96875,0.0005154743557795882,0.96875
0.06182485073804855,0,31,55466,0.9952903985977173,0.9737005233764648,0.0005100900307297707,0.9737005233764648
0.06292238086462021,0,31,55566,0.9948956370353699,0.9741915464401245,0.0005047417944297194,0.9741915464401245
0.06767237931489944,0,31,55666,0.9940080046653748,0.9732142686843872,0.0004994294140487909,0.9732142686843872
0.06655707955360413,0,31,55766,0.9942287802696228,0.9742830395698547,0.0004941527731716633,0.9742830395698547
0.06400302797555923,0,31,55866,0.9946778416633606,0.9757360219955444,0.0004889122792519629,0.9757360219955444
0.06660759449005127,0,31,55966,0.9944151043891907,0.9744696617126465,0.0004837076994590461,0.9744696617126465
0.06659667193889618,0,31,56066,0.9942862391471863,0.9746790528297424,0.00047853912110440433,0.9746790528297424
0.06575514376163483,0,31,56166,0.9944432973861694,0.9746020436286926,0.00047340677701868117,0.9746020436286926
0.06645713746547699,0,31,56266,0.9942197799682617,0.9746809005737305,0.00046831057989038527,0.9746809005737305
0.06677642464637756,0,31,56366,0.9941893815994263,0.9745566844940186,0.0004632507043424994,0.9745566844940186
0.06704924255609512,0,31,56466,0.9940800070762634,0.9744834303855896,0.00045822709216736257,0.9744834303855896
0.0674915686249733,0,31,56566,0.9939183592796326,0.9742662310600281,0.0004532398306764662,0.9742662310600281
0.06780029833316803,0,31,56666,0.9938865900039673,0.9740343689918518,0.0004482890071813017,0.9740343689918518
0.06757694482803345,0,31,56766,0.9938448667526245,0.9743933081626892,0.0004433746507856995,0.9743933081626892
0.0672626793384552,0,31,56866,0.9938675761222839,0.9746835231781006,0.00043849679059349,0.9746835231781006
0.0676305890083313,0,31,56966,0.9936996698379517,0.9746252298355103,0.0004336555430199951,0.9746252298355103
0.06758438050746918,0,31,57066,0.9937541484832764,0.9746105074882507,0.00042885090806521475,0.9746105074882507
0.09790771454572678,0,32,57152,0.9677734375,0.96875,0.00033982782042585313,0.96875
0.06478042900562286,0,32,57252,0.9950329065322876,0.9758663177490234,0.0003354198415763676,0.9758663177490234
0.05866803601384163,0,32,57352,0.9958534240722656,0.9779228568077087,0.00033104917383752763,0.9779228568077087
0.060361456125974655,0,32,57452,0.995550274848938,0.9768480062484741,0.00032671575900167227,0.9768480062484741
0.0616317056119442,0,32,57552,0.9951295852661133,0.977166473865509,0.00032241950975731015,0.977166473865509
0.06271401792764664,0,32,57652,0.995100200176239,0.976047933101654,0.00031816051341593266,0.976047933101654
0.06442902982234955,0,32,57752,0.9947914481163025,0.9757175445556641,0.0003139389446005225,0.9757175445556641
0.0637088343501091,0,32,57852,0.9950250387191772,0.9761947393417358,0.00030975465779192746,0.9761947393417358
0.0638214647769928,0,32,57952,0.9950104355812073,0.975772500038147,0.0003056078858207911,0.975772500038147
0.0648166760802269,0,32,58052,0.9950166344642639,0.975097119808197,0.00030149854137562215,0.975097119808197
0.0648026391863823,0,32,58152,0.9947717785835266,0.9752122759819031,0.0002974268572870642,0.9752122759819031
0.06579142808914185,0,32,58252,0.9945553541183472,0.9751078486442566,0.00029339262982830405,0.9751078486442566
0.06615086644887924,0,32,58352,0.9945220947265625,0.9749427437782288,0.0002893960918299854,0.9749427437782288
0.06663531064987183,0,32,58452,0.9944553375244141,0.9745147824287415,0.00028543712687678635,0.9745147824287415
0.0666632205247879,0,32,58552,0.9943785071372986,0.9746386408805847,0.000281516055110842,0.9746386408805847
0.06659575551748276,0,32,58652,0.9944393634796143,0.9744337201118469,0.000277632731013,0.9744337201118469
0.06666406244039536,0,32,58752,0.9943471550941467,0.9743714928627014,0.0002737871836870909,0.9743714928627014
0.06672558188438416,0,32,58852,0.9942429065704346,0.9744084477424622,0.0002699795295484364,0.9744084477424622
0.13817013800144196,0,33,58938,0.9658203125,0.9375,0.00019964785315096378,0.9375
0.06859131157398224,0,33,59038,0.9943480491638184,0.9740098714828491,0.00019624999549705535,0.9740098714828491
0.06300085783004761,0,33,59138,0.9954402446746826,0.9752798676490784,0.00019289004558231682,0.9752798676490784
0.06599729508161545,0,33,59238,0.9949049353599548,0.9740448594093323,0.0001895684254122898,0.9740448594093323
0.06502307206392288,0,33,59338,0.9948554635047913,0.9749065041542053,0.00018628507677931339,0.9749065041542053
0.06419850885868073,0,33,59438,0.9948102831840515,0.9752994179725647,0.00018304014520253986,0.9752994179725647
0.06704538315534592,0,33,59538,0.9943370223045349,0.9741056561470032,0.00017983363068196923,0.9741056561470032
0.06586233526468277,0,33,59638,0.994451105594635,0.9747236371040344,0.00017666550411377102,0.9747236371040344
0.06577891856431961,0,33,59738,0.9944531917572021,0.9746800661087036,0.00017353576549794525,0.9746800661087036
0.06593099981546402,0,33,59838,0.9943355917930603,0.9745768308639526,0.00017044464766513556,0.9745768308639526
0.0655287578701973,0,33,59938,0.9945173859596252,0.9746503233909607,0.0001673920633038506,0.9746503233909607
0.06547190248966217,0,33,60038,0.9945386648178101,0.974682092666626,0.0001643780997255817,0.974682092666626
0.0654732957482338,0,33,60138,0.9945099353790283,0.9745524525642395,0.00016140272782649845,0.9745524525642395
0.06590564548969269,0,33,60238,0.994456946849823,0.9743466377258301,0.00015846602036617696,0.9743466377258301
0.06563717126846313,0,33,60338,0.9943625926971436,0.9746832847595215,0.00015556797734461725,0.9746832847595215
0.06515489518642426,0,33,60438,0.9943812489509583,0.9750791192054749,0.00015270868607331067,0.9750791192054749
0.06537488847970963,0,33,60538,0.9943195581436157,0.9750546813011169,0.000149888132000342,0.9750546813011169
0.06516959518194199,0,33,60638,0.9943360686302185,0.9750881791114807,0.0001471063878852874,0.9750881791114807
0.009301445446908474,0,34,60724,1.0,1.0,9.600193152436987e-05,1.0
0.06874756515026093,0,34,60824,0.9934526085853577,0.9718440771102905,9.363940625917166e-05,0.9718440771102905
0.06269091367721558,0,34,60924,0.9946444630622864,0.9754353165626526,9.131587285082787e-05,0.9754353165626526
0.06384005397558212,0,34,61024,0.9943533539772034,0.9751868844032288,8.903144771466032e-05,0.9751868844032288
0.06057453528046608,0,34,61124,0.9951630234718323,0.9767767786979675,8.678608719492331e-05,0.9767767786979675
0.05920978635549545,0,34,61224,0.9954822063446045,0.9776073098182678,8.4579864051193e-05,0.9776073098182678
0.06162859871983528,0,34,61324,0.995046079158783,0.9764975309371948,8.241281466325745e-05,0.9764975309371948
0.06180553883314133,0,34,61424,0.994947612285614,0.976595938205719,8.028494630707428e-05,0.976595938205719
0.06212099269032478,0,34,61524,0.9948975443840027,0.9764357209205627,7.819628808647394e-05,0.9764357209205627
0.06340102106332779,0,34,61624,0.9946461915969849,0.9758948683738708,7.614685455337167e-05,0.9758948683738708
0.06400047987699509,0,34,61724,0.9945220351219177,0.975649356842041,7.413666025968269e-05,0.975649356842041
0.06439953297376633,0,34,61824,0.9944597482681274,0.9757038950920105,7.216578524094075e-05,0.9757038950920105
0.06468275189399719,0,34,61924,0.9943323135375977,0.9756973385810852,7.023423677310348e-05,0.9756973385810852
0.06454918533563614,0,34,62024,0.9943602085113525,0.9758118987083435,6.834200758021325e-05,0.9758118987083435
0.06445690244436264,0,34,62124,0.9943139553070068,0.9759323596954346,6.648910493822768e-05,0.9759323596954346
0.06414099782705307,0,34,62224,0.9943798184394836,0.9758910536766052,6.467557977885008e-05,0.9758910536766052
0.06460995227098465,0,34,62324,0.9942756295204163,0.9757183194160461,6.290149030974135e-05,0.9757183194160461
0.0643942803144455,0,34,62424,0.9943910837173462,0.9756760597229004,6.116675649536774e-05,0.9756760597229004
0.03979141265153885,0,35,62510,1.0,1.0,2.9678352802875452e-05,1.0
0.05680215358734131,0,35,62610,0.9958372116088867,0.9777227640151978,2.83693298115395e-05,0.9777227640151978
0.05162700265645981,0,35,62710,0.9966762065887451,0.9799440503120422,2.7099809813080356e-05,0.9799440503120422
0.05574982985854149,0,35,62810,0.9958009123802185,0.9795473217964172,2.5869880118989386e-05,0.9795473217964172
0.059489957988262177,0,35,62910,0.9950847625732422,0.9782574772834778,2.4679551643203013e-05,0.9782574772834778
0.05840229615569115,0,35,63010,0.9952039122581482,0.9784181714057922,2.3528838937636465e-05,0.9784181714057922
0.05994822084903717,0,35,63110,0.9951043128967285,0.9777974486351013,2.2417758373194374e-05,0.9777974486351013
0.060823071748018265,0,35,63210,0.9950107336044312,0.9775766730308533,2.1346322682802565e-05,0.9775766730308533
0.06002110242843628,0,35,63310,0.9952937960624695,0.9776841402053833,2.0314533685450442e-05,0.9776841402053833
0.06044876575469971,0,35,63410,0.9952159523963928,0.9772821664810181,1.9322402295074426e-05,0.9772821664810181
0.06081751734018326,0,35,63510,0.9951784014701843,0.9773351550102234,1.836994124460034e-05,0.9773351550102234
0.0618562288582325,0,35,63610,0.9949712753295898,0.976810872554779,1.7457170542911626e-05,0.976810872554779
0.06194369122385979,0,35,63710,0.9950062036514282,0.9766340255737305,1.6584084733040072e-05,0.9766340255737305
0.062363091856241226,0,35,63810,0.9949153065681458,0.9764603972434998,1.5750714737805538e-05,0.9764603972434998
0.06264430284500122,0,35,63910,0.994823157787323,0.9764453768730164,1.495705873821862e-05,0.9764453768730164
0.0626172199845314,0,35,64010,0.9948169589042664,0.9764948487281799,1.4203118553268723e-05,0.9764948487281799
0.06279806792736053,0,35,64110,0.994728147983551,0.9766162037849426,1.3488909644365776e-05,0.9766162037849426
0.06302191317081451,0,35,64210,0.9947052597999573,0.9765946269035339,1.2814439287467394e-05,0.9765946269035339
