loss,compile_metrics,epoch,step,auc,binary_accuracy,recall
0.6891107559204102,0,0,0,0.296875,0.25,0.25
0.6459106802940369,0,0,100,0.6827166676521301,0.6596534848213196,0.6596534848213196
0.6007230281829834,0,0,200,0.736859917640686,0.6797263622283936,0.6797263622283936
0.5661678314208984,0,0,300,0.769478440284729,0.6976743936538696,0.6976743936538696
0.5407038331031799,0,0,400,0.793163537979126,0.714307963848114,0.714307963848114
0.5282573699951172,0,0,500,0.8025016188621521,0.7199351191520691,0.7199351191520691
0.516151487827301,0,0,600,0.8125789761543274,0.7279534339904785,0.7279534339904785
0.5040864944458008,0,0,700,0.8225113153457642,0.7362695932388306,0.7362695932388306
0.4909253418445587,0,0,800,0.8334193229675293,0.7455524206161499,0.7455524206161499
0.4802400469779968,0,0,900,0.8414479494094849,0.7520116567611694,0.7520116567611694
0.47055456042289734,0,0,1000,0.8490086197853088,0.7588037252426147,0.7588037252426147
0.4616526961326599,0,0,1100,0.8551920652389526,0.7641916275024414,0.7641916275024414
0.4523904323577881,0,0,1200,0.8613787889480591,0.7692027688026428,0.7692027688026428
0.4440930187702179,0,0,1300,0.8668550848960876,0.7740199565887451,0.7740199565887451
0.4353048801422119,0,0,1400,0.87285315990448,0.7799785733222961,0.7799785733222961
0.4299312233924866,0,0,1500,0.8763964176177979,0.7836025953292847,0.7836025953292847
0.4231939911842346,0,0,1600,0.8805816173553467,0.7881011962890625,0.7881011962890625
0.4165096879005432,0,0,1700,0.8849083781242371,0.7922545671463013,0.7922545671463013
0.40981006622314453,0,0,1800,0.8888707160949707,0.7963978052139282,0.7963978052139282
0.4036535322666168,0,0,1900,0.8925455212593079,0.8004997372627258,0.8004997372627258
0.3983491063117981,0,0,2000,0.8955453038215637,0.8036606907844543,0.8036606907844543
0.39397063851356506,0,0,2100,0.8980002403259277,0.8065207004547119,0.8065207004547119
0.38865870237350464,0,0,2200,0.9010376334190369,0.8100011348724365,0.8100011348724365
0.3839227259159088,0,0,2300,0.9035475254058838,0.8127444386482239,0.8127444386482239
0.3798305094242096,0,0,2400,0.9057435393333435,0.8152332305908203,0.8152332305908203
0.3756829500198364,0,0,2500,0.9079631567001343,0.8177728652954102,0.8177728652954102
0.3714531660079956,0,0,2600,0.9101805090904236,0.8203575611114502,0.8203575611114502
0.3679041862487793,0,0,2700,0.9119424223899841,0.8225657343864441,0.8225657343864441
0.36415615677833557,0,0,2800,0.9138118028640747,0.8248839974403381,0.8248839974403381
0.3604218363761902,0,0,2900,0.9156264066696167,0.8268916010856628,0.8268916010856628
0.35631340742111206,0,0,3000,0.9176599383354187,0.8293902277946472,0.8293902277946472
0.3532821238040924,0,0,3100,0.9191824197769165,0.8313648700714111,0.8313648700714111
0.3502918779850006,0,0,3200,0.920655369758606,0.8332552313804626,0.8332552313804626
0.3478304147720337,0,0,3300,0.9218488931655884,0.8347091674804688,0.8347091674804688
0.34498560428619385,0,0,3400,0.9231457710266113,0.8363348841667175,0.8363348841667175
0.3428574800491333,0,0,3500,0.9240814447402954,0.8375464081764221,0.8375464081764221
0.3405008018016815,0,0,3600,0.9251542091369629,0.8390377759933472,0.8390377759933472
0.3384372591972351,0,0,3700,0.9261637330055237,0.8405160903930664,0.8405160903930664
0.3359360098838806,0,0,3800,0.9272924661636353,0.8421139121055603,0.8421139121055603
0.07520230114459991,0,1,3833,1.0,1.0,1.0
0.22689442336559296,0,1,3933,0.9661368131637573,0.9053217768669128,0.9053217768669128
0.23290379345417023,0,1,4033,0.9646477103233337,0.8976989984512329,0.8976989984512329
0.22445088624954224,0,1,4133,0.9668667316436768,0.9034468531608582,0.9034468531608582
0.22775138914585114,0,1,4233,0.9654635190963745,0.9035224318504333,0.9035224318504333
0.23222628235816956,0,1,4333,0.9640560150146484,0.9028193354606628,0.9028193354606628
0.2287522256374359,0,1,4433,0.965305745601654,0.9042221307754517,0.9042221307754517
0.22642838954925537,0,1,4533,0.9659577012062073,0.9054921269416809,0.9054921269416809
0.22753426432609558,0,1,4633,0.9654864072799683,0.9043383002281189,0.9043383002281189
0.22846809029579163,0,1,4733,0.9651886224746704,0.9039955735206604,0.9039955735206604
0.22846224904060364,0,1,4833,0.9654103517532349,0.9036588668823242,0.9036588668823242
0.22731561958789825,0,1,4933,0.9657233953475952,0.9038941860198975,0.9038941860198975
0.22520305216312408,0,1,5033,0.9663314819335938,0.9040383100509644,0.9040383100509644
0.22658570110797882,0,1,5133,0.9657799601554871,0.9032955169677734,0.9032955169677734
0.22517450153827667,0,1,5233,0.9662803411483765,0.9035063982009888,0.9035063982009888
0.2243516594171524,0,1,5333,0.9663181304931641,0.9044387340545654,0.9044387340545654
0.22448182106018066,0,1,5433,0.9662652611732483,0.9044347405433655,0.9044347405433655
0.22403666377067566,0,1,5533,0.966482937335968,0.9053865671157837,0.9053865671157837
0.22259290516376495,0,1,5633,0.966899037361145,0.9057468175888062,0.9057468175888062
0.22073142230510712,0,1,5733,0.9673565030097961,0.906562328338623,0.906562328338623
0.2198793888092041,0,1,5833,0.9675986170768738,0.9070464968681335,0.9070464968681335
0.21986140310764313,0,1,5933,0.967595636844635,0.9070680737495422,0.9070680737495422
0.2191324681043625,0,1,6033,0.9677490592002869,0.9075420498847961,0.9075420498847961
0.21781985461711884,0,1,6133,0.968107283115387,0.9083007574081421,0.9083007574081421
0.21659168601036072,0,1,6233,0.9684224724769592,0.9086838960647583,0.9086838960647583
0.21547116339206696,0,1,6333,0.9686941504478455,0.9092363119125366,0.9092363119125366
0.2142232209444046,0,1,6433,0.9689679145812988,0.9098904132843018,0.9098904132843018
0.21341106295585632,0,1,6533,0.9691468477249146,0.9101258516311646,0.9101258516311646
0.2120569497346878,0,1,6633,0.9695090055465698,0.9107015132904053,0.9107015132904053
0.21145720779895782,0,1,6733,0.9696643352508545,0.9108927845954895,0.9108927845954895
0.2104731947183609,0,1,6833,0.9698911905288696,0.9116128087043762,0.9116128087043762
0.2094210535287857,0,1,6933,0.9701713919639587,0.9121654033660889,0.9121654033660889
0.20879574120044708,0,1,7033,0.9703066349029541,0.9125663638114929,0.9125663638114929
0.2081880271434784,0,1,7133,0.9704745411872864,0.9126400947570801,0.9126400947570801
0.2068810909986496,0,1,7233,0.9708050489425659,0.9131321907043457,0.9131321907043457
0.20698106288909912,0,1,7333,0.9707809090614319,0.9131141304969788,0.9131141304969788
0.20623348653316498,0,1,7433,0.970976710319519,0.9132705926895142,0.9132705926895142
0.20579062402248383,0,1,7533,0.9711067080497742,0.9133511185646057,0.9133511185646057
0.20542307198047638,0,1,7633,0.9712427854537964,0.9134931564331055,0.9134931564331055
0.08008994162082672,0,2,7666,1.0,1.0,1.0
0.1590958535671234,0,2,7766,0.9797616600990295,0.9399752616882324,0.9399752616882324
0.16713078320026398,0,2,7866,0.9787095785140991,0.9356343150138855,0.9356343150138855
0.16906411945819855,0,2,7966,0.978732168674469,0.9333471655845642,0.9333471655845642
0.16779936850070953,0,2,8066,0.9792125225067139,0.9340710639953613,0.9340710639953613
0.17050983011722565,0,2,8166,0.9788691401481628,0.9307634830474854,0.9307634830474854
0.17285627126693726,0,2,8266,0.9786118268966675,0.929596483707428,0.929596483707428
0.1730106621980667,0,2,8366,0.978509247303009,0.9304565191268921,0.9304565191268921
0.17532239854335785,0,2,8466,0.9780954122543335,0.9296192526817322,0.9296192526817322
0.17442575097084045,0,2,8566,0.9783228039741516,0.9297308325767517,0.9297308325767517
0.17456480860710144,0,2,8666,0.9784993529319763,0.9298826456069946,0.9298826456069946
0.1746455579996109,0,2,8766,0.9785568118095398,0.9296094179153442,0.9296094179153442
0.17407388985157013,0,2,8866,0.9787271618843079,0.9300583004951477,0.9300583004951477
0.17551612854003906,0,2,8966,0.9783750176429749,0.9286125898361206,0.9286125898361206
0.17523528635501862,0,2,9066,0.9785047173500061,0.92889004945755,0.92889004945755
0.1769811064004898,0,2,9166,0.9779242873191833,0.9281312227249146,0.9281312227249146
0.17775854468345642,0,2,9266,0.977661669254303,0.9279356598854065,0.9279356598854065
0.17764724791049957,0,2,9366,0.9777113199234009,0.9282407164573669,0.9282407164573669
0.17668984830379486,0,2,9466,0.9779768586158752,0.9283384084701538,0.9283384084701538
0.1750127524137497,0,2,9566,0.9783596992492676,0.9290176033973694,0.9290176033973694
0.1752566546201706,0,2,9666,0.9783258438110352,0.9289730191230774,0.9289730191230774
0.17502710223197937,0,2,9766,0.9783080220222473,0.929081380367279,0.929081380367279
0.17593534290790558,0,2,9866,0.9780761003494263,0.9284700155258179,0.9284700155258179
0.1750725358724594,0,2,9966,0.9783402681350708,0.9286180138587952,0.9286180138587952
0.17478011548519135,0,2,10066,0.9783178567886353,0.928779661655426,0.928779661655426
0.1748500019311905,0,2,10166,0.9782686233520508,0.9289284348487854,0.9289284348487854
0.1740661859512329,0,2,10266,0.9784051179885864,0.9291378259658813,0.9291378259658813
0.17375393211841583,0,2,10366,0.9784825444221497,0.9291003346443176,0.9291003346443176
0.17263981699943542,0,2,10466,0.9787371754646301,0.9295787215232849,0.9295787215232849
0.1719653606414795,0,2,10566,0.9789049029350281,0.9297871589660645,0.9297871589660645
0.17108432948589325,0,2,10666,0.9790912866592407,0.9300025105476379,0.9300025105476379
0.17034116387367249,0,2,10766,0.9791944622993469,0.9304054975509644,0.9304054975509644
0.16962163150310516,0,2,10866,0.9793738722801208,0.9306076169013977,0.9306076169013977
0.1694612205028534,0,2,10966,0.9793943762779236,0.9307785630226135,0.9307785630226135
0.1689734309911728,0,2,11066,0.9794778227806091,0.9312151074409485,0.9312151074409485
0.16862183809280396,0,2,11166,0.9795131683349609,0.9314481616020203,0.9314481616020203
0.1681264191865921,0,2,11266,0.9796466827392578,0.9315641522407532,0.9315641522407532
0.16803117096424103,0,2,11366,0.9796389937400818,0.9315725564956665,0.9315725564956665
0.16761080920696259,0,2,11466,0.9796684980392456,0.9317613840103149,0.9317613840103149
0.04930516704916954,0,3,11499,1.0,1.0,1.0
0.153044655919075,0,3,11599,0.981940746307373,0.9430692791938782,0.9430692791938782
0.16206912696361542,0,3,11699,0.9805549383163452,0.9384328126907349,0.9384328126907349
0.15477289259433746,0,3,11799,0.9814899563789368,0.9416528344154358,0.9416528344154358
0.15359844267368317,0,3,11899,0.9819661378860474,0.9406172037124634,0.9406172037124634
0.15486058592796326,0,3,11999,0.9815899729728699,0.9394959807395935,0.9394959807395935
0.1526186466217041,0,3,12099,0.9821364283561707,0.9406198263168335,0.9406198263168335
0.1537237912416458,0,3,12199,0.9817271828651428,0.9397289752960205,0.9397289752960205
0.153990238904953,0,3,12299,0.9814785718917847,0.9391385912895203,0.9391385912895203
0.15659892559051514,0,3,12399,0.9810057282447815,0.937846839427948,0.937846839427948
0.15637090802192688,0,3,12499,0.9812323451042175,0.9378746151924133,0.9378746151924133
0.15519660711288452,0,3,12599,0.9815194010734558,0.9377838373184204,0.9377838373184204
0.1544823944568634,0,3,12699,0.981647789478302,0.9382285475730896,0.9382285475730896
0.15570342540740967,0,3,12799,0.9814070463180542,0.9378843307495117,0.9378843307495117
0.1554199457168579,0,3,12899,0.9815728664398193,0.9377230405807495,0.9377230405807495
0.15551458299160004,0,3,12999,0.9815192818641663,0.9378331303596497,0.9378331303596497
0.156048983335495,0,3,13099,0.9814012050628662,0.9376952052116394,0.9376952052116394
0.15608926117420197,0,3,13199,0.9814783930778503,0.9379041790962219,0.9379041790962219
0.15493884682655334,0,3,13299,0.9817630648612976,0.9383328557014465,0.9383328557014465
0.15361052751541138,0,3,13399,0.9819738864898682,0.939045250415802,0.939045250415802
0.1532672643661499,0,3,13499,0.9819904565811157,0.9390929341316223,0.9390929341316223
0.15343283116817474,0,3,13599,0.9820569753646851,0.9392253756523132,0.9392253756523132
0.152969092130661,0,3,13699,0.982183039188385,0.9392321705818176,0.9392321705818176
0.15239973366260529,0,3,13799,0.9822409749031067,0.9395643472671509,0.9395643472671509
0.15236355364322662,0,3,13899,0.9822723865509033,0.9395824670791626,0.9395824670791626
0.15232890844345093,0,3,13999,0.982283890247345,0.9396241307258606,0.9396241307258606
0.15185308456420898,0,3,14099,0.9824182987213135,0.9398548603057861,0.9398548603057861
0.15153156220912933,0,3,14199,0.9825392365455627,0.9397676587104797,0.9397676587104797
0.15131869912147522,0,3,14299,0.9825277924537659,0.9399321675300598,0.9399321675300598
0.1504090279340744,0,3,14399,0.9827088713645935,0.9402576684951782,0.9402576684951782
0.14934878051280975,0,3,14499,0.9829089641571045,0.9407697319984436,0.9407697319984436
0.1488305628299713,0,3,14599,0.982977569103241,0.9409464597702026,0.9409464597702026
0.14852078258991241,0,3,14699,0.983025312423706,0.9410731196403503,0.9410731196403503
0.1485358625650406,0,3,14799,0.9830166697502136,0.9410784840583801,0.9410784840583801
0.14809300005435944,0,3,14899,0.9831213355064392,0.9413040280342102,0.9413040280342102
0.1480000913143158,0,3,14999,0.9831196069717407,0.9412667751312256,0.9412667751312256
0.1478535234928131,0,3,15099,0.9831344485282898,0.941457211971283,0.941457211971283
0.14759810268878937,0,3,15199,0.9831386208534241,0.9415867328643799,0.9415867328643799
0.14717771112918854,0,3,15299,0.9831991791725159,0.9416436553001404,0.9416436553001404
0.04354964569211006,0,4,15332,1.0,1.0,1.0
0.11892914772033691,0,4,15432,0.9879512190818787,0.9542078971862793,0.9542078971862793
0.13608165085315704,0,4,15532,0.9852206707000732,0.9440298676490784,0.9440298676490784
0.12995457649230957,0,4,15632,0.986258327960968,0.9472591280937195,0.9472591280937195
0.13579516112804413,0,4,15732,0.9855854511260986,0.944513738155365,0.944513738155365
0.1405661255121231,0,4,15832,0.9841902256011963,0.94386225938797,0.94386225938797
0.14127510786056519,0,4,15932,0.984200656414032,0.9434276223182678,0.9434276223182678
0.14156897366046906,0,4,16032,0.9840245842933655,0.9429386854171753,0.9429386854171753
0.1435038447380066,0,4,16132,0.9835852384567261,0.942415714263916,0.942415714263916
0.14232376217842102,0,4,16232,0.9835658073425293,0.9433268308639526,0.9433268308639526
0.14339950680732727,0,4,16332,0.9834204912185669,0.9438686370849609,0.9438686370849609
0.14150020480155945,0,4,16432,0.9836596250534058,0.9449931979179382,0.9449931979179382
0.14013370871543884,0,4,16532,0.9839058518409729,0.9457223415374756,0.9457223415374756
0.13977549970149994,0,4,16632,0.9839268922805786,0.9460030794143677,0.9460030794143677
0.13948990404605865,0,4,16732,0.9839803576469421,0.9455299973487854,0.9455299973487854
0.1392282396554947,0,4,16832,0.9838787317276001,0.9455779194831848,0.9455779194831848
0.13966870307922363,0,4,16932,0.983711838722229,0.9456199407577515,0.9456199407577515
0.13925421237945557,0,4,17032,0.9838742017745972,0.9458039402961731,0.9458039402961731
0.13782785832881927,0,4,17132,0.984214723110199,0.9461063146591187,0.9461063146591187
0.13657008111476898,0,4,17232,0.9845246076583862,0.9464426636695862,0.9464426636695862
0.13592123985290527,0,4,17332,0.9845995903015137,0.9465267658233643,0.9465267658233643
0.13642454147338867,0,4,17432,0.9845130443572998,0.9465433359146118,0.9465433359146118
0.136505126953125,0,4,17532,0.9845353364944458,0.9463596343994141,0.9463596343994141
0.1360364556312561,0,4,17632,0.9846596121788025,0.9465450048446655,0.9465450048446655
0.13589420914649963,0,4,17732,0.9846349358558655,0.9467930197715759,0.9467930197715759
0.13595986366271973,0,4,17832,0.9846900701522827,0.9466963410377502,0.9466963410377502
0.1350255012512207,0,4,17932,0.9849215745925903,0.9470396041870117,0.9470396041870117
0.13557949662208557,0,4,18032,0.9848161339759827,0.9467095732688904,0.9467095732688904
0.1350068747997284,0,4,18132,0.9849727153778076,0.9469162821769714,0.9469162821769714
0.134744331240654,0,4,18232,0.9850726127624512,0.947022557258606,0.947022557258606
0.13422760367393494,0,4,18332,0.9852368831634521,0.947121798992157,0.947121798992157
0.13374723494052887,0,4,18432,0.9853899478912354,0.9473959803581238,0.9473959803581238
0.1338302195072174,0,4,18532,0.9852798581123352,0.9473406672477722,0.9473406672477722
0.13348640501499176,0,4,18632,0.9853736162185669,0.9475537538528442,0.9475537538528442
0.13296248018741608,0,4,18732,0.985405445098877,0.9479013681411743,0.9479013681411743
0.13328106701374054,0,4,18832,0.9853619933128357,0.9477649331092834,0.9477649331092834
0.13289029896259308,0,4,18932,0.985388994216919,0.9479832053184509,0.9479832053184509
0.13306032121181488,0,4,19032,0.9853628873825073,0.9479363560676575,0.9479363560676575
0.13305456936359406,0,4,19132,0.9853984713554382,0.9478591084480286,0.9478591084480286
0.013842379674315453,0,5,19165,1.0,1.0,1.0
0.14741303026676178,0,5,19265,0.9825074672698975,0.9474009871482849,0.9474009871482849
0.1350603848695755,0,5,19365,0.9859768748283386,0.9499378204345703,0.9499378204345703
0.12861301004886627,0,5,19465,0.9866997003555298,0.9522425532341003,0.9522425532341003
0.12390998750925064,0,5,19565,0.9873833060264587,0.9540212154388428,0.9540212154388428
0.12719210982322693,0,5,19665,0.9868438243865967,0.951347291469574,0.951347291469574
0.12666171789169312,0,5,19765,0.9869097471237183,0.9513311386108398,0.9513311386108398
0.1259477287530899,0,5,19865,0.9871388673782349,0.9514086842536926,0.9514086842536926
0.12775824964046478,0,5,19965,0.9866558909416199,0.9504525661468506,0.9504525661468506
0.1280311644077301,0,5,20065,0.9866783618927002,0.9497086405754089,0.9497086405754089
0.12834325432777405,0,5,20165,0.9866557121276855,0.9498626589775085,0.9498626589775085
0.12675225734710693,0,5,20265,0.9870256185531616,0.9502725005149841,0.9502725005149841
0.12721192836761475,0,5,20365,0.9868863821029663,0.9501977562904358,0.9501977562904358
0.1277405470609665,0,5,20465,0.9868014454841614,0.950230598449707,0.950230598449707
0.1263820081949234,0,5,20565,0.9869638681411743,0.9507494568824768,0.9507494568824768
0.12591496109962463,0,5,20665,0.9871198534965515,0.9509910345077515,0.9509910345077515
0.12604443728923798,0,5,20765,0.9870466589927673,0.9508119821548462,0.9508119821548462
0.12622031569480896,0,5,20865,0.9869324564933777,0.9512419104576111,0.9512419104576111
0.12592415511608124,0,5,20965,0.9869460463523865,0.9513464570045471,0.9513464570045471
0.12474813312292099,0,5,21065,0.9872422218322754,0.9514729380607605,0.9514729380607605
0.12418583780527115,0,5,21165,0.9871823787689209,0.9518678188323975,0.9518678188323975
0.1232566311955452,0,5,21265,0.9872718453407288,0.9522846341133118,0.9522846341133118
0.12363497167825699,0,5,21365,0.987121045589447,0.9520672559738159,0.9520672559738159
0.1235225722193718,0,5,21465,0.987130880355835,0.9521403908729553,0.9521403908729553
0.12299030274152756,0,5,21565,0.9871904253959656,0.9524156451225281,0.9524156451225281
0.12399838864803314,0,5,21665,0.9870426654815674,0.9517192840576172,0.9517192840576172
0.12429285049438477,0,5,21765,0.9869616627693176,0.9517253041267395,0.9517253041267395
0.12393944710493088,0,5,21865,0.9869582653045654,0.9518002867698669,0.9518002867698669
0.12357721477746964,0,5,21965,0.9870142340660095,0.9519144892692566,0.9519144892692566
0.12296231091022491,0,5,22065,0.9870972037315369,0.9520208835601807,0.9520208835601807
0.12200052291154861,0,5,22165,0.9873020648956299,0.9522867202758789,0.9522867202758789
0.12197289615869522,0,5,22265,0.9872864484786987,0.9522734880447388,0.9522734880447388
0.12187325954437256,0,5,22365,0.9872873425483704,0.9522024393081665,0.9522024393081665
0.12230654060840607,0,5,22465,0.9871600270271301,0.952022135257721,0.952022135257721
0.12177712470293045,0,5,22565,0.9872847199440002,0.9521648287773132,0.9521648287773132
0.12228517234325409,0,5,22665,0.9871793985366821,0.9519780278205872,0.9519780278205872
0.1220647543668747,0,5,22765,0.9872698187828064,0.9521139860153198,0.9521139860153198
0.12238256633281708,0,5,22865,0.9871914982795715,0.9520230889320374,0.9520230889320374
0.12240186333656311,0,5,22965,0.987140953540802,0.952035665512085,0.952035665512085
0.052698757499456406,0,6,22998,1.0,1.0,1.0
0.0975060909986496,0,6,23098,0.9902852177619934,0.9628713130950928,0.9628713130950928
0.10467327386140823,0,6,23198,0.9889636635780334,0.9629974961280823,0.9629974961280823
0.09788914024829865,0,6,23298,0.9902172684669495,0.9651162624359131,0.9651162624359131
0.10048714280128479,0,6,23398,0.9897832274436951,0.9627493619918823,0.9627493619918823
0.10412955284118652,0,6,23498,0.9892871379852295,0.9609531164169312,0.9609531164169312
0.10480531305074692,0,6,23598,0.9894594550132751,0.9599625468254089,0.9599625468254089
0.10881122201681137,0,6,23698,0.9888216853141785,0.9579172730445862,0.9579172730445862
0.1105615496635437,0,6,23798,0.9886046051979065,0.9570068717002869,0.9570068717002869
0.11162474006414413,0,6,23898,0.9884153008460999,0.9565066695213318,0.9565066695213318
0.11153192818164825,0,6,23998,0.9887127876281738,0.9564185738563538,0.9564185738563538
0.11277652531862259,0,6,24098,0.988446831703186,0.9560626745223999,0.9560626745223999
0.11374978721141815,0,6,24198,0.9884079694747925,0.9555058479309082,0.9555058479309082
0.11405136436223984,0,6,24298,0.9883652925491333,0.955322802066803,0.955322802066803
0.11313847452402115,0,6,24398,0.9885885715484619,0.9554782509803772,0.9554782509803772
0.11285308003425598,0,6,24498,0.9886207580566406,0.9554047584533691,0.9554047584533691
0.113734669983387,0,6,24598,0.9884346723556519,0.9552623629570007,0.9552623629570007
0.11276929825544357,0,6,24698,0.9885918498039246,0.9558715224266052,0.9558715224266052
0.11223505437374115,0,6,24798,0.9886218309402466,0.9559966921806335,0.9559966921806335
0.11173824965953827,0,6,24898,0.9887382388114929,0.9560757279396057,0.9560757279396057
0.11140642315149307,0,6,24998,0.9887751936912537,0.9564905166625977,0.9564905166625977
0.11229444295167923,0,6,25098,0.9886044859886169,0.9562410712242126,0.9562410712242126
0.11265630275011063,0,6,25198,0.9885714650154114,0.9559859037399292,0.9559859037399292
0.11221189796924591,0,6,25298,0.9885994791984558,0.9562146663665771,0.9562146663665771
0.11209449917078018,0,6,25398,0.9885984063148499,0.9562682509422302,0.9562682509422302
0.1126026138663292,0,6,25498,0.9884467124938965,0.9558426737785339,0.9558426737785339
0.11265362799167633,0,6,25598,0.9883321523666382,0.9559784531593323,0.9559784531593323
0.11230853945016861,0,6,25698,0.9884144067764282,0.9561736583709717,0.9561736583709717
0.1113753691315651,0,6,25798,0.9885945916175842,0.9565557241439819,0.9565557241439819
0.1107751652598381,0,6,25898,0.9887278079986572,0.9566743969917297,0.9566743969917297
0.1099458634853363,0,6,25998,0.988888680934906,0.9570143222808838,0.9570143222808838
0.10988851636648178,0,6,26098,0.9888375997543335,0.9570501446723938,0.9570501446723938
0.10950344055891037,0,6,26198,0.9889122247695923,0.9572399258613586,0.9572399258613586
0.10969212651252747,0,6,26298,0.9888264536857605,0.9571720957756042,0.9571720957756042
0.1095738559961319,0,6,26398,0.9888127446174622,0.9572552442550659,0.9572552442550659
0.10981684923171997,0,6,26498,0.9888038039207458,0.9571194052696228,0.9571194052696228
0.10975976288318634,0,6,26598,0.9888234734535217,0.9571820497512817,0.9571820497512817
0.11011715233325958,0,6,26698,0.9887250065803528,0.9570724368095398,0.9570724368095398
0.10967445373535156,0,6,26798,0.9888043403625488,0.9573138356208801,0.9573138356208801
0.05440699681639671,0,7,26831,1.0,1.0,1.0
0.09882156550884247,0,7,26931,0.988959550857544,0.9616336822509766,0.9616336822509766
0.1066521480679512,0,7,27031,0.9879173636436462,0.9601989984512329,0.9601989984512329
0.09917165338993073,0,7,27131,0.9898014068603516,0.963247537612915,0.963247537612915
0.10078518837690353,0,7,27231,0.9893694519996643,0.9621259570121765,0.9621259570121765
0.1055983453989029,0,7,27331,0.9885963797569275,0.9600798487663269,0.9600798487663269
0.10520026087760925,0,7,27431,0.9890095591545105,0.9594426155090332,0.9594426155090332
0.10664074122905731,0,7,27531,0.9887110590934753,0.9582738876342773,0.9582738876342773
0.10864982008934021,0,7,27631,0.9883177876472473,0.9570848941802979,0.9570848941802979
0.10884776711463928,0,7,27731,0.9883878231048584,0.9573390483856201,0.9573390483856201
0.10816238075494766,0,7,27831,0.9885295033454895,0.9576048851013184,0.9576048851013184
0.10836951434612274,0,7,27931,0.988640308380127,0.9577656388282776,0.9577656388282776
0.10787961632013321,0,7,28031,0.9888979196548462,0.9577955603599548,0.9577955603599548
0.10769908875226974,0,7,28131,0.988939642906189,0.9578208923339844,0.9578208923339844
0.10704636573791504,0,7,28231,0.9889509677886963,0.9581995010375977,0.9581995010375977
0.1071472242474556,0,7,28331,0.9889278411865234,0.9582778215408325,0.9582778215408325
0.10730734467506409,0,7,28431,0.9889199137687683,0.9582292437553406,0.9582292437553406
0.10708612948656082,0,7,28531,0.989068329334259,0.9582231044769287,0.9582231044769287
0.10743404179811478,0,7,28631,0.9889992475509644,0.9583564400672913,0.9583564400672913
0.10691890120506287,0,7,28731,0.9890502691268921,0.9589031934738159,0.9589031934738159
0.10678432136774063,0,7,28831,0.9890221953392029,0.9591141939163208,0.9591141939163208
0.10684993118047714,0,7,28931,0.9889695644378662,0.9588886499404907,0.9588886499404907
0.106544628739357,0,7,29031,0.9890092611312866,0.9589391350746155,0.9589391350746155
0.10633864998817444,0,7,29131,0.988988995552063,0.9591753482818604,0.9591753482818604
0.1067565530538559,0,7,29231,0.9889198541641235,0.9588973522186279,0.9588973522186279
0.1073463186621666,0,7,29331,0.9887427091598511,0.9587914943695068,0.9587914943695068
0.10742922872304916,0,7,29431,0.9887636303901672,0.9587658643722534,0.9587658643722534
0.10757826268672943,0,7,29531,0.9887341260910034,0.9586958289146423,0.9586958289146423
0.10702347755432129,0,7,29631,0.9887776970863342,0.9590101838111877,0.9590101838111877
0.10634934157133102,0,7,29731,0.9889316558837891,0.9592381715774536,0.9592381715774536
0.10584535449743271,0,7,29831,0.9889857769012451,0.9594718217849731,0.9594718217849731
0.10567519813776016,0,7,29931,0.9890015721321106,0.9594284296035767,0.9594284296035767
0.10551944375038147,0,7,30031,0.9890251159667969,0.9595048427581787,0.9595048427581787
0.1048722192645073,0,7,30131,0.9891971349716187,0.9595766663551331,0.9595766663551331
0.10464294254779816,0,7,30231,0.9892054200172424,0.959754467010498,0.959754467010498
0.10489123314619064,0,7,30331,0.9891729354858398,0.9596186876296997,0.9596186876296997
0.10457562655210495,0,7,30431,0.9891852736473083,0.9597854614257812,0.9597854614257812
0.10516087710857391,0,7,30531,0.9890904426574707,0.959402859210968,0.959402859210968
0.10527554899454117,0,7,30631,0.989122211933136,0.9592376947402954,0.9592376947402954
0.020351335406303406,0,8,30664,1.0,1.0,1.0
0.08305995911359787,0,8,30764,0.9933393001556396,0.9702970385551453,0.9702970385551453
0.09474942088127136,0,8,30864,0.991193950176239,0.9633084535598755,0.9633084535598755
0.0894801914691925,0,8,30964,0.9917536377906799,0.965531587600708,0.965531587600708
0.09037928283214569,0,8,31064,0.9917132258415222,0.9641520977020264,0.9641520977020264
0.09337013214826584,0,8,31164,0.9911537170410156,0.9628243446350098,0.9628243446350098
0.09470780938863754,0,8,31264,0.9910641312599182,0.9616264700889587,0.9616264700889587
0.09546080976724625,0,8,31364,0.9908204078674316,0.9617510437965393,0.9617510437965393
0.09710685908794403,0,8,31464,0.9906720519065857,0.9609082341194153,0.9609082341194153
0.0959884449839592,0,8,31564,0.9907995462417603,0.9619173407554626,0.9619173407554626
0.09757450222969055,0,8,31664,0.9905333518981934,0.9616633653640747,0.9616633653640747
0.09804193675518036,0,8,31764,0.9904897809028625,0.9616825580596924,0.9616825580596924
0.0984758734703064,0,8,31864,0.9903592467308044,0.9613342881202698,0.9613342881202698
0.10070523619651794,0,8,31964,0.9899511337280273,0.9605591893196106,0.9605591893196106
0.09957665950059891,0,8,32064,0.9902796149253845,0.9609653949737549,0.9609653949737549
0.0988006666302681,0,8,32164,0.9903643727302551,0.9613174796104431,0.9613174796104431
0.09962011873722076,0,8,32264,0.9902383089065552,0.9610790014266968,0.9610790014266968
0.09903584420681,0,8,32364,0.9904237389564514,0.9612727761268616,0.9612727761268616
0.09889279305934906,0,8,32464,0.9904480576515198,0.961236834526062,0.961236834526062
0.09817348420619965,0,8,32564,0.990528404712677,0.9615991711616516,0.9615991711616516
0.09787105768918991,0,8,32664,0.990525484085083,0.961644172668457,0.961644172668457
0.09827987104654312,0,8,32764,0.9904050827026367,0.9616253972053528,0.9616253972053528
0.09873499721288681,0,8,32864,0.9903542995452881,0.9615515470504761,0.9615515470504761
0.09787485748529434,0,8,32964,0.9905607104301453,0.9618372321128845,0.9618372321128845
0.09755545109510422,0,8,33064,0.9905175566673279,0.9620210528373718,0.9620210528373718
0.09803071618080139,0,8,33164,0.9903924465179443,0.9617652893066406,0.9617652893066406
0.09844991564750671,0,8,33264,0.9903498291969299,0.961625337600708,0.961625337600708
0.09835591912269592,0,8,33364,0.9903846979141235,0.9616345763206482,0.9616345763206482
0.09803123027086258,0,8,33464,0.9904754757881165,0.9617770314216614,0.9617770314216614
0.09771522134542465,0,8,33564,0.9905506372451782,0.9618019461631775,0.9618019461631775
0.09740113466978073,0,8,33664,0.9906080961227417,0.9620126485824585,0.9620126485824585
0.09706191718578339,0,8,33764,0.990644097328186,0.9622097611427307,0.9622097611427307
0.09676053375005722,0,8,33864,0.9906246662139893,0.9624140858650208,0.9624140858650208
0.09687396883964539,0,8,33964,0.990583598613739,0.9623219966888428,0.9623219966888428
0.09651363641023636,0,8,34064,0.9906243681907654,0.9623640179634094,0.9623640179634094
0.09646064788103104,0,8,34164,0.9906427264213562,0.9624214768409729,0.9624214768409729
0.0962865874171257,0,8,34264,0.9906508326530457,0.9624930620193481,0.9624930620193481
0.096221923828125,0,8,34364,0.9906707406044006,0.9624425768852234,0.9624425768852234
0.09621774405241013,0,8,34464,0.9906482696533203,0.9623947739601135,0.9623947739601135
0.0023935106582939625,0,9,34497,1.0,1.0,1.0
0.07756679505109787,0,9,34597,0.9925118088722229,0.9672029614448547,0.9672029614448547
0.09060968458652496,0,9,34697,0.9915129542350769,0.9626865386962891,0.9626865386962891
0.08872999995946884,0,9,34797,0.9914419651031494,0.9640780687332153,0.9640780687332153
0.09097080677747726,0,9,34897,0.9911951422691345,0.964307963848114,0.964307963848114
0.0927361473441124,0,9,34997,0.9911723136901855,0.9638223648071289,0.9638223648071289
0.09241960197687149,0,9,35097,0.9912610650062561,0.9641222953796387,0.9641222953796387
0.09264832735061646,0,9,35197,0.9911015033721924,0.964514970779419,0.964514970779419
0.09262855350971222,0,9,35297,0.9910492897033691,0.9647315740585327,0.9647315740585327
0.09583956003189087,0,9,35397,0.990399956703186,0.963790237903595,0.963790237903595
0.0954645499587059,0,9,35497,0.9906342029571533,0.9635364413261414,0.9635364413261414
0.09563775360584259,0,9,35597,0.9905815720558167,0.9632152318954468,0.9632152318954468
0.09573446214199066,0,9,35697,0.9906834959983826,0.9631036520004272,0.9631036520004272
0.09522493928670883,0,9,35797,0.9908255338668823,0.9631533622741699,0.9631533622741699
0.09592179208993912,0,9,35897,0.9907053709030151,0.96297287940979,0.96297287940979
0.09479629993438721,0,9,35997,0.9908266663551331,0.9635659456253052,0.9635659456253052
0.09552554786205292,0,9,36097,0.9906350374221802,0.9631480574607849,0.9631480574607849
0.09527627378702164,0,9,36197,0.9906437993049622,0.9632201790809631,0.9632201790809631
0.09492531418800354,0,9,36297,0.9908111691474915,0.9630066752433777,0.9630066752433777
0.09455452114343643,0,9,36397,0.9909308552742004,0.9628813862800598,0.9628813862800598
0.09438369423151016,0,9,36497,0.9907976984977722,0.9631434082984924,0.9631434082984924
0.09334547817707062,0,9,36597,0.9909998178482056,0.9634698033332825,0.9634698033332825
0.0941692665219307,0,9,36697,0.9908467531204224,0.9632269144058228,0.9632269144058228
0.09401962161064148,0,9,36797,0.9908660054206848,0.9632768630981445,0.9632768630981445
0.09404808282852173,0,9,36897,0.9909316897392273,0.963114321231842,0.963114321231842
0.09400025755167007,0,9,36997,0.9909530878067017,0.9631397724151611,0.9631397724151611
0.0942799299955368,0,9,37097,0.9909687042236328,0.9629229307174683,0.9629229307174683
0.09391044825315475,0,9,37197,0.9910622239112854,0.9629998207092285,0.9629998207092285
0.09374696761369705,0,9,37297,0.9910638332366943,0.963205099105835,0.963205099105835
0.09328960627317429,0,9,37397,0.9911234378814697,0.9635039567947388,0.9635039567947388
0.09263966232538223,0,9,37497,0.9912129640579224,0.9638037085533142,0.9638037085533142
0.0928572416305542,0,9,37597,0.9910997748374939,0.9637818336486816,0.9637818336486816
0.0924307256937027,0,9,37697,0.991208016872406,0.9638784527778625,0.9638784527778625
0.09309044480323792,0,9,37797,0.991162121295929,0.9638177752494812,0.9638177752494812
0.09318918734788895,0,9,37897,0.9911482930183411,0.9637790322303772,0.9637790322303772
0.09360844641923904,0,9,37997,0.991087794303894,0.9635461568832397,0.9635461568832397
0.09355121850967407,0,9,38097,0.9911516308784485,0.9634997248649597,0.9634997248649597
0.09382953494787216,0,9,38197,0.9910817742347717,0.9634051322937012,0.9634051322937012
0.09381024539470673,0,9,38297,0.9911035895347595,0.9633813500404358,0.9633813500404358
0.004704724065959454,0,10,38330,1.0,1.0,1.0
0.08587774634361267,0,10,38430,0.9904561638832092,0.9665841460227966,0.9665841460227966
0.09707309305667877,0,10,38530,0.989844024181366,0.9608209133148193,0.9608209133148193
0.08901403099298477,0,10,38630,0.9915619492530823,0.9644933342933655,0.9644933342933655
0.08650990575551987,0,10,38730,0.991513729095459,0.9658665657043457,0.9658665657043457
0.0879405289888382,0,10,38830,0.9917507171630859,0.9650698900222778,0.9650698900222778
0.09081055968999863,0,10,38930,0.9915430545806885,0.9633943438529968,0.9633943438529968
0.09005754441022873,0,10,39030,0.9913977384567261,0.9640691876411438,0.9640691876411438
0.09299421310424805,0,10,39130,0.9909723997116089,0.9630149602890015,0.9630149602890015
0.09412973374128342,0,10,39230,0.9908760786056519,0.9625416398048401,0.9625416398048401
0.09369087219238281,0,10,39330,0.9909542798995972,0.9627248048782349,0.9627248048782349
0.09479096531867981,0,10,39430,0.9908232688903809,0.9624205231666565,0.9624205231666565
0.09407325834035873,0,10,39530,0.991039514541626,0.9626352787017822,0.9626352787017822
0.09467696398496628,0,10,39630,0.9909334778785706,0.9623847007751465,0.9623847007751465
0.09512050449848175,0,10,39730,0.9908509850502014,0.9623929262161255,0.9623929262161255
0.09360857307910919,0,10,39830,0.9911352396011353,0.9630246758460999,0.9630246758460999
0.09463611245155334,0,10,39930,0.9910477995872498,0.9623672962188721,0.9623672962188721
0.09409022331237793,0,10,40030,0.9909782409667969,0.9627057909965515,0.9627057909965515
0.09305322170257568,0,10,40130,0.9911452531814575,0.9632495641708374,0.9632495641708374
0.09287922829389572,0,10,40230,0.9911310076713562,0.9634732007980347,0.9634732007980347
0.09261274337768555,0,10,40330,0.9912192225456238,0.9635494947433472,0.9635494947433472
0.09280957281589508,0,10,40430,0.9911496043205261,0.9636185169219971,0.9636185169219971
0.09297885745763779,0,10,40530,0.9911587238311768,0.9633973240852356,0.9633973240852356
0.09260277450084686,0,10,40630,0.9912160634994507,0.9635756015777588,0.9635756015777588
0.09246533364057541,0,10,40730,0.9912384748458862,0.9637911319732666,0.9637911319732666
0.09303868561983109,0,10,40830,0.991105318069458,0.963464617729187,0.963464617729187
0.09338293969631195,0,10,40930,0.9910672903060913,0.9634515643119812,0.9634515643119812
0.09326373785734177,0,10,41030,0.991075336933136,0.9634625911712646,0.9634625911712646
0.09284187853336334,0,10,41130,0.9912053942680359,0.9636290669441223,0.9636290669441223
0.09273964911699295,0,10,41230,0.9912437796592712,0.9635685682296753,0.9635685682296753
0.09180231392383575,0,10,41330,0.9914019703865051,0.9639495015144348,0.9639495015144348
0.09143007546663284,0,10,41430,0.9914529323577881,0.9640438556671143,0.9640438556671143
0.09104930609464645,0,10,41530,0.9915025234222412,0.9641909003257751,0.9641909003257751
0.09081635624170303,0,10,41630,0.991479218006134,0.9643668532371521,0.9643668532371521
0.0906645730137825,0,10,41730,0.9914877414703369,0.9643670916557312,0.9643670916557312
0.09042813628911972,0,10,41830,0.9915051460266113,0.9644387364387512,0.9644387364387512
0.09045331180095673,0,10,41930,0.991470992565155,0.9644196033477783,0.9644196033477783
0.09070290625095367,0,10,42030,0.9914189577102661,0.9643170833587646,0.9643170833587646
0.09043958783149719,0,10,42130,0.9914333820343018,0.9644994735717773,0.9644994735717773
0.008307965472340584,0,11,42163,1.0,1.0,1.0
0.09502585232257843,0,11,42263,0.9922055006027222,0.9622524976730347,0.9622524976730347
0.09342987090349197,0,11,42363,0.9918738007545471,0.9626865386962891,0.9626865386962891
0.0826902836561203,0,11,42463,0.9928385615348816,0.9686461687088013,0.9686461687088013
0.08269108831882477,0,11,42563,0.9925165176391602,0.9683603644371033,0.9683603644371033
0.08781704306602478,0,11,42663,0.9914734959602356,0.9665668606758118,0.9665668606758118
0.09019038826227188,0,11,42763,0.9910947680473328,0.9645382761955261,0.9645382761955261
0.08925642818212509,0,11,42863,0.9913021326065063,0.9657632112503052,0.9657632112503052
0.09104550629854202,0,11,42963,0.9906255602836609,0.9651217460632324,0.9651217460632324
0.09149839729070663,0,11,43063,0.9905219078063965,0.9653856754302979,0.9653856754302979
0.09004435688257217,0,11,43163,0.9907505512237549,0.966221272945404,0.966221272945404
0.09000993520021439,0,11,43263,0.9909801483154297,0.9664509296417236,0.9664509296417236
0.08962543308734894,0,11,43363,0.9911021590232849,0.96674644947052,0.96674644947052
0.09085974097251892,0,11,43463,0.9908151626586914,0.9660837650299072,0.9660837650299072
0.09009964019060135,0,11,43563,0.9909570813179016,0.9666309952735901,0.9666309952735901
0.08916256576776505,0,11,43663,0.9911382794380188,0.9668970704078674,0.9668970704078674
0.09093644469976425,0,11,43763,0.9907848834991455,0.9658806920051575,0.9658806920051575
0.08971089869737625,0,11,43863,0.9910385608673096,0.966343343257904,0.966343343257904
0.08892140537500381,0,11,43963,0.9911130666732788,0.9667198657989502,0.9667198657989502
0.08812949806451797,0,11,44063,0.9912652969360352,0.966892421245575,0.966892421245575
0.08819646388292313,0,11,44163,0.9912357330322266,0.9667978286743164,0.9667978286743164
0.08976982533931732,0,11,44263,0.9909343123435974,0.9662660360336304,0.9662660360336304
0.08960764110088348,0,11,44363,0.9909963607788086,0.966464102268219,0.966464102268219
0.08892456442117691,0,11,44463,0.9911888837814331,0.96661776304245,0.96661776304245
0.0888136699795723,0,11,44563,0.9912355542182922,0.9665763974189758,0.9665763974189758
0.08967576920986176,0,11,44663,0.9911240339279175,0.9661635160446167,0.9661635160446167
0.08976414054632187,0,11,44763,0.9911258220672607,0.9663830995559692,0.9663830995559692
0.08987755328416824,0,11,44863,0.9911532998085022,0.96635502576828,0.96635502576828
0.08946490287780762,0,11,44963,0.9911775588989258,0.9665297865867615,0.9665297865867615
0.08887325972318649,0,11,45063,0.9913222193717957,0.9666925072669983,0.9666925072669983
0.08826979249715805,0,11,45163,0.9914024472236633,0.9669485092163086,0.9669485092163086
0.0884009599685669,0,11,45263,0.9914271235466003,0.9668453931808472,0.9668453931808472
0.08819403499364853,0,11,45363,0.9914888143539429,0.966768205165863,0.966768205165863
0.08814582228660583,0,11,45463,0.9914743304252625,0.9668660759925842,0.9668660759925842
0.08814961463212967,0,11,45563,0.9915119409561157,0.9667928814888,0.9667928814888
0.08822715282440186,0,11,45663,0.9914656281471252,0.9667595028877258,0.9667595028877258
0.08828479051589966,0,11,45763,0.9914588928222656,0.9666585922241211,0.9666585922241211
0.08871567249298096,0,11,45863,0.9913837909698486,0.9664448499679565,0.9664448499679565
0.08854413777589798,0,11,45963,0.9914668202400208,0.9663904309272766,0.9663904309272766
0.03657755255699158,0,12,45996,1.0,1.0,1.0
0.07413947582244873,0,12,46096,0.9933026432991028,0.9740098714828491,0.9740098714828491
0.08299268782138824,0,12,46196,0.9924076199531555,0.9685945510864258,0.9685945510864258
0.0790187418460846,0,12,46296,0.9928160309791565,0.9694767594337463,0.9694767594337463
0.07676922529935837,0,12,46396,0.9930490851402283,0.9710099697113037,0.9710099697113037
0.08289497345685959,0,12,46496,0.9920395612716675,0.9684381484985352,0.9684381484985352
0.08337334543466568,0,12,46596,0.9921414256095886,0.9681780338287354,0.9681780338287354
0.08524537831544876,0,12,46696,0.9917669892311096,0.9675463438034058,0.9675463438034058
0.08614689111709595,0,12,46796,0.9916728734970093,0.9676966071128845,0.9676966071128845
0.08607476949691772,0,12,46896,0.9918237328529358,0.9675360918045044,0.9675360918045044
0.08728961646556854,0,12,46996,0.991777777671814,0.9670953750610352,0.9670953750610352
0.08736792206764221,0,12,47096,0.9917041659355164,0.9669618606567383,0.9669618606567383
0.08600084483623505,0,12,47196,0.9919807314872742,0.9669546484947205,0.9669546484947205
0.0864357203245163,0,12,47296,0.9918139576911926,0.9668043851852417,0.9668043851852417
0.08556065708398819,0,12,47396,0.9920709133148193,0.9670324921607971,0.9670324921607971
0.08516036719083786,0,12,47496,0.992047131061554,0.9671885371208191,0.9671885371208191
0.08532322943210602,0,12,47596,0.9919979572296143,0.967168927192688,0.967168927192688
0.08447514474391937,0,12,47696,0.9920655488967896,0.9674823880195618,0.9674823880195618
0.08330743759870529,0,12,47796,0.99224853515625,0.9679344892501831,0.9679344892501831
0.08209113031625748,0,12,47896,0.9924042224884033,0.9683719277381897,0.9683719277381897
0.08205226063728333,0,12,47996,0.9923167824745178,0.9685157537460327,0.9685157537460327
0.08190812170505524,0,12,48096,0.9923708438873291,0.9686458706855774,0.9686458706855774
0.08193386346101761,0,12,48196,0.9923580884933472,0.9684234261512756,0.9684234261512756
0.0817471295595169,0,12,48296,0.9923461079597473,0.9684376120567322,0.9684376120567322
0.08199481666088104,0,12,48396,0.9922964572906494,0.9683985710144043,0.9683985710144043
0.08268579840660095,0,12,48496,0.9922187924385071,0.9683626294136047,0.9683626294136047
0.08281306177377701,0,12,48596,0.9921818375587463,0.9683054685592651,0.9683054685592651
0.08341994136571884,0,12,48696,0.9920709729194641,0.9679979681968689,0.9679979681968689
0.08326724171638489,0,12,48796,0.9921133518218994,0.9680471420288086,0.9680471420288086
0.0827694833278656,0,12,48896,0.9922235608100891,0.9681360125541687,0.9681360125541687
0.08198551833629608,0,12,48996,0.992357075214386,0.9684271812438965,0.9684271812438965
0.08198126405477524,0,12,49096,0.9923213720321655,0.9683771133422852,0.9683771133422852
0.08195651322603226,0,12,49196,0.9923520684242249,0.9682325720787048,0.9682325720787048
0.08181345462799072,0,12,49296,0.9923713803291321,0.9683808088302612,0.9683808088302612
0.0813426524400711,0,12,49396,0.9924656748771667,0.9685019254684448,0.9685019254684448
0.08118793368339539,0,12,49496,0.9925193786621094,0.9686161279678345,0.9686161279678345
0.08120641857385635,0,12,49596,0.9924318790435791,0.9686892628669739,0.9686892628669739
0.08122077584266663,0,12,49696,0.992437481880188,0.9687246680259705,0.9687246680259705
0.08125181496143341,0,12,49796,0.9923705458641052,0.968741774559021,0.968741774559021
0.15161997079849243,0,13,49829,0.98828125,0.9375,0.9375
0.07514477521181107,0,13,49929,0.9931578636169434,0.9709158539772034,0.9709158539772034
0.08116066455841064,0,13,50029,0.9927381873130798,0.9692164063453674,0.9692164063453674
0.07454656809568405,0,13,50129,0.993721067905426,0.9711378812789917,0.9711378812789917
0.07443990558385849,0,13,50229,0.9940060973167419,0.9703865051269531,0.9703865051269531
0.07811033725738525,0,13,50329,0.993263304233551,0.9696856141090393,0.9696856141090393
0.07799292355775833,0,13,50429,0.993400514125824,0.9690099954605103,0.9690099954605103
0.07923002541065216,0,13,50529,0.9932413697242737,0.9683488011360168,0.9683488011360168
0.08135465532541275,0,13,50629,0.9927060604095459,0.9679307341575623,0.9679307341575623
0.08449701219797134,0,13,50729,0.9921967387199402,0.9674667119979858,0.9674667119979858
0.08317609131336212,0,13,50829,0.9924725890159607,0.9685314893722534,0.9685314893722534
0.08325887471437454,0,13,50929,0.9926168918609619,0.968040406703949,0.968040406703949
0.08279457688331604,0,13,51029,0.9925809502601624,0.9680994749069214,0.9680994749069214
0.08333230763673782,0,13,51129,0.9925090074539185,0.9679573178291321,0.9679573178291321
0.0824255496263504,0,13,51229,0.9927194118499756,0.9682369828224182,0.9682369828224182
0.0817180797457695,0,13,51329,0.9927353858947754,0.968520998954773,0.968520998954773
0.08166708052158356,0,13,51429,0.9927129149436951,0.9684572219848633,0.9684572219848633
0.08121506124734879,0,13,51529,0.9927196502685547,0.9685479402542114,0.9685479402542114
0.0809841901063919,0,13,51629,0.9927658438682556,0.9686285257339478,0.9686285257339478
0.08076227456331253,0,13,51729,0.9928097128868103,0.9685363173484802,0.9685363173484802
0.08055354654788971,0,13,51829,0.9928243160247803,0.968546986579895,0.968546986579895
0.0815390795469284,0,13,51929,0.9926134347915649,0.9681699275970459,0.9681699275970459
0.08154112100601196,0,13,52029,0.9926507472991943,0.9681679010391235,0.9681679010391235
0.08047004789113998,0,13,52129,0.992809534072876,0.9684919714927673,0.9684919714927673
0.08005121350288391,0,13,52229,0.9928496479988098,0.9686849117279053,0.9686849117279053
0.08093741536140442,0,13,52329,0.9926976561546326,0.9684376120567322,0.9684376120567322
0.08121953904628754,0,13,52429,0.9926984906196594,0.9683775305747986,0.9683775305747986
0.0810597687959671,0,13,52529,0.992712140083313,0.9685533046722412,0.9685533046722412
0.0803525522351265,0,13,52629,0.9928421378135681,0.9686942100524902,0.9686942100524902
0.0799940675497055,0,13,52729,0.9928929805755615,0.968803882598877,0.968803882598877
0.07928875088691711,0,13,52829,0.9929677248001099,0.9691352844238281,0.9691352844238281
0.07923482358455658,0,13,52929,0.9930034875869751,0.9691833257675171,0.9691833257675171
0.07914964854717255,0,13,53029,0.9929614663124084,0.9691892862319946,0.9691892862319946
0.07929998636245728,0,13,53129,0.9928976893424988,0.9691759943962097,0.9691759943962097
0.07940833270549774,0,13,53229,0.9928600788116455,0.9692002534866333,0.9692002534866333
0.07931670546531677,0,13,53329,0.9928811192512512,0.9693301916122437,0.9693301916122437
0.07960391789674759,0,13,53429,0.9928379058837891,0.969244658946991,0.969244658946991
0.07967119663953781,0,13,53529,0.9927875399589539,0.9692988395690918,0.9692988395690918
0.07975488901138306,0,13,53629,0.9927819967269897,0.9691857695579529,0.9691857695579529
0.03653061389923096,0,14,53662,1.0,1.0,1.0
0.07699112594127655,0,14,53762,0.9941447973251343,0.9672029614448547,0.9672029614448547
0.07940547913312912,0,14,53862,0.993098258972168,0.9670398235321045,0.9670398235321045
0.07234059274196625,0,14,53962,0.9938888549804688,0.9705149531364441,0.9705149531364441
0.06979378312826157,0,14,54062,0.9942225217819214,0.9710099697113037,0.9710099697113037
0.07404390722513199,0,14,54162,0.9936057329177856,0.9699351191520691,0.9699351191520691
0.07579066604375839,0,14,54262,0.9935258626937866,0.9693219661712646,0.9693219661712646
0.0766184851527214,0,14,54362,0.9932462573051453,0.9690620303153992,0.9690620303153992
0.07812400162220001,0,14,54462,0.9929698705673218,0.9688670635223389,0.9688670635223389
0.07969509065151215,0,14,54562,0.9927907586097717,0.9683684706687927,0.9683684706687927
0.07818464934825897,0,14,54662,0.9931991100311279,0.9689685106277466,0.9689685106277466
0.07760314643383026,0,14,54762,0.9932800531387329,0.9691190123558044,0.9691190123558044
0.07834625244140625,0,14,54862,0.9931408166885376,0.9685158133506775,0.9685158133506775
0.07896555960178375,0,14,54962,0.9928249716758728,0.9685818552970886,0.9685818552970886
0.07827550917863846,0,14,55062,0.9929651618003845,0.9688169360160828,0.9688169360160828
0.07791119068861008,0,14,55162,0.9929495453834534,0.968979001045227,0.968979001045227
0.07826341688632965,0,14,55262,0.9929478764533997,0.9687694907188416,0.9687694907188416
0.07810388505458832,0,14,55362,0.9930076599121094,0.9692827463150024,0.9692827463150024
0.0774783194065094,0,14,55462,0.9932037591934204,0.9693920016288757,0.9693920016288757
0.07701049000024796,0,14,55562,0.9932536482810974,0.9694897532463074,0.9694897532463074
0.07741671055555344,0,14,55662,0.9931582808494568,0.9694215655326843,0.9694215655326843
0.07764590531587601,0,14,55762,0.9930817484855652,0.9693003296852112,0.9693003296852112
0.0776839405298233,0,14,55862,0.9930538535118103,0.9694457054138184,0.9694457054138184
0.07743779569864273,0,14,55962,0.9930461645126343,0.9697142839431763,0.9697142839431763
0.07801003754138947,0,14,56062,0.9929600358009338,0.9695960283279419,0.9695960283279419
0.07807036489248276,0,14,56162,0.9930180907249451,0.9693622589111328,0.9693622589111328
0.07788002490997314,0,14,56262,0.9930755496025085,0.9694828987121582,0.9694828987121582
0.07726140320301056,0,14,56362,0.9931804537773132,0.9698491096496582,0.9698491096496582
0.07620007544755936,0,14,56462,0.993350088596344,0.9703007936477661,0.9703007936477661
0.07602211087942123,0,14,56562,0.9933958649635315,0.9702473282814026,0.9702473282814026
0.07571271061897278,0,14,56662,0.9933987855911255,0.9704473614692688,0.9704473614692688
0.0759868174791336,0,14,56762,0.9933711886405945,0.9702717065811157,0.9702717065811157
0.07603104412555695,0,14,56862,0.9933919906616211,0.9701851010322571,0.9701851010322571
0.07596553862094879,0,14,56962,0.9933462142944336,0.9703119993209839,0.9703119993209839
0.07604340463876724,0,14,57062,0.9933035969734192,0.9701558351516724,0.9701558351516724
0.07604508846998215,0,14,57162,0.9933041930198669,0.970294177532196,0.970294177532196
0.07619597017765045,0,14,57262,0.9932582378387451,0.9703034162521362,0.9703034162521362
0.07624800503253937,0,14,57362,0.9932777881622314,0.9702445268630981,0.9702445268630981
0.07649372518062592,0,14,57462,0.993236243724823,0.9702051877975464,0.9702051877975464
0.004026285372674465,0,15,57495,1.0,1.0,1.0
0.0788343995809555,0,15,57595,0.9919535517692566,0.9702970385551453,0.9702970385551453
0.0898665338754654,0,15,57695,0.9908832907676697,0.9667288661003113,0.9667288661003113
0.08386891335248947,0,15,57795,0.9922382831573486,0.9684385657310486,0.9684385657310486
0.08235148340463638,0,15,57895,0.9924396276473999,0.9685162305831909,0.9685162305831909
0.07951460778713226,0,15,57995,0.9930004477500916,0.9695608615875244,0.9695608615875244
0.07900368422269821,0,15,58095,0.9931840300559998,0.9694259762763977,0.9694259762763977
0.07933933287858963,0,15,58195,0.9928337931632996,0.9695078730583191,0.9695078730583191
0.0796835795044899,0,15,58295,0.9926311373710632,0.9698814153671265,0.9698814153671265
0.07972025126218796,0,15,58395,0.9925005435943604,0.9701026678085327,0.9701026678085327
0.07783526927232742,0,15,58495,0.9928398132324219,0.9710913896560669,0.9710913896560669
0.07848664373159409,0,15,58595,0.992664635181427,0.970765233039856,0.970765233039856
0.07858777046203613,0,15,58695,0.9925758838653564,0.9705974459648132,0.9705974459648132
0.07810584455728531,0,15,58795,0.992605447769165,0.9707436561584473,0.9707436561584473
0.07738387584686279,0,15,58895,0.9927424788475037,0.9710474610328674,0.9710474610328674
0.07586854696273804,0,15,58995,0.9930539727210999,0.971727192401886,0.971727192401886
0.07713183760643005,0,15,59095,0.9927666783332825,0.971150815486908,0.971150815486908
0.0764390230178833,0,15,59195,0.9928314685821533,0.9713403582572937,0.9713403582572937
0.07615384459495544,0,15,59295,0.9928598403930664,0.9712312817573547,0.9712312817573547
0.07580660283565521,0,15,59395,0.9928444623947144,0.9714623689651489,0.9714623689651489
0.07569805532693863,0,15,59495,0.9928287267684937,0.9715454578399658,0.9715454578399658
0.0763297900557518,0,15,59595,0.992732584476471,0.9714124202728271,0.9714124202728271
0.07622499018907547,0,15,59695,0.9928346276283264,0.9712914824485779,0.9712914824485779
0.07586745172739029,0,15,59795,0.9929170608520508,0.971425473690033,0.971425473690033
0.0754157304763794,0,15,59895,0.9930266737937927,0.9713400602340698,0.9713400602340698
0.0758194550871849,0,15,59995,0.9929506778717041,0.9710615873336792,0.9710615873336792
0.07595907151699066,0,15,60095,0.9929158091545105,0.9709486961364746,0.9709486961364746
0.0761972963809967,0,15,60195,0.9928968548774719,0.9709135293960571,0.9709135293960571
0.07539281994104385,0,15,60295,0.9930391907691956,0.97112637758255,0.97112637758255
0.07492493838071823,0,15,60395,0.9930939674377441,0.9713029861450195,0.9713029861450195
0.07442400604486465,0,15,60495,0.9930939674377441,0.9715927839279175,0.9715927839279175
0.07478391379117966,0,15,60595,0.9930424094200134,0.9714809656143188,0.9714809656143188
0.07441780716180801,0,15,60695,0.9931231737136841,0.9715909361839294,0.9715909361839294
0.07407600432634354,0,15,60795,0.9931927919387817,0.9717699289321899,0.9717699289321899
0.07411753386259079,0,15,60895,0.993174135684967,0.971717894077301,0.971717894077301
0.07433497160673141,0,15,60995,0.9931329488754272,0.9715973734855652,0.9715973734855652
0.07416419684886932,0,15,61095,0.9931631684303284,0.9715877771377563,0.9715877771377563
0.07451318949460983,0,15,61195,0.9931686520576477,0.9713928699493408,0.9713928699493408
0.07451731711626053,0,15,61295,0.9931870698928833,0.971372663974762,0.971372663974762
0.014304282143712044,0,16,61328,1.0,1.0,1.0
0.06633224338293076,0,16,61428,0.9938623905181885,0.9721534848213196,0.9721534848213196
0.0718703418970108,0,16,61528,0.99286288022995,0.9707711338996887,0.9707711338996887
0.06621486693620682,0,16,61628,0.9936107993125916,0.9732142686843872,0.9732142686843872
0.06623660773038864,0,16,61728,0.9937806129455566,0.9735037684440613,0.9735037684440613
0.0708870068192482,0,16,61828,0.9929757118225098,0.9718064069747925,0.9718064069747925
0.0719740092754364,0,16,61928,0.9932544231414795,0.9710898399353027,0.9710898399353027
0.07413909584283829,0,16,62028,0.9930809140205383,0.9703994393348694,0.9703994393348694
0.0752737745642662,0,16,62128,0.9930436611175537,0.9705836176872253,0.9705836176872253
0.07523401081562042,0,16,62228,0.9930548667907715,0.9711431860923767,0.9711431860923767
0.07484886795282364,0,16,62328,0.9931653141975403,0.9719655513763428,0.9719655513763428
0.07358504831790924,0,16,62428,0.9933064579963684,0.9724114537239075,0.9724114537239075
0.07320250570774078,0,16,62528,0.9933445453643799,0.9727310538291931,0.9727310538291931
0.07417885214090347,0,16,62628,0.9930648803710938,0.9721848368644714,0.9721848368644714
0.0737285166978836,0,16,62728,0.9931885004043579,0.9723411798477173,0.9723411798477173
0.07381752878427505,0,16,62828,0.9932280778884888,0.9721019268035889,0.9721019268035889
0.07370130717754364,0,16,62928,0.9932126402854919,0.9722829461097717,0.9722829461097717
0.07365678995847702,0,16,63028,0.9932292103767395,0.9722957015037537,0.9722957015037537
0.07316039502620697,0,16,63128,0.9932351112365723,0.9723764657974243,0.9723764657974243
0.07249776273965836,0,16,63228,0.9933198094367981,0.9725144505500793,0.9725144505500793
0.07256840914487839,0,16,63328,0.993279218673706,0.972607433795929,0.972607433795929
0.07216870784759521,0,16,63428,0.9934072494506836,0.9728997945785522,0.9728997945785522
0.07268525660037994,0,16,63528,0.9932926893234253,0.9728532433509827,0.9728532433509827
0.07189540565013885,0,16,63628,0.9933780431747437,0.9732725024223328,0.9732725024223328
0.07142319530248642,0,16,63728,0.9934790134429932,0.9733444452285767,0.9733444452285767
0.07197781652212143,0,16,63828,0.993333101272583,0.9730857610702515,0.9730857610702515
0.07191880792379379,0,16,63928,0.9932947158813477,0.9730392098426819,0.9730392098426819
0.07139648497104645,0,16,64028,0.9933951497077942,0.9731812477111816,0.9731812477111816
0.07107395678758621,0,16,64128,0.9934352040290833,0.973246157169342,0.973246157169342
0.070656917989254,0,16,64228,0.9934684634208679,0.9734358787536621,0.9734358787536621
0.07041436433792114,0,16,64328,0.9934525489807129,0.9735713005065918,0.9735713005065918
0.0700751319527626,0,16,64428,0.9934935569763184,0.9737383127212524,0.9737383127212524
0.07019289582967758,0,16,64528,0.9934669733047485,0.9735239148139954,0.9735239148139954
0.0699688270688057,0,16,64628,0.9935197830200195,0.9736443758010864,0.9736443758010864
0.07015334814786911,0,16,64728,0.9934442639350891,0.9736106991767883,0.9736106991767883
0.06995391100645065,0,16,64828,0.9934753775596619,0.9736503958702087,0.9736503958702087
0.06956836581230164,0,16,64928,0.9935480952262878,0.9738093614578247,0.9738093614578247
0.06962417811155319,0,16,65028,0.9935613870620728,0.973723292350769,0.973723292350769
0.06989917159080505,0,16,65128,0.993500292301178,0.9736582636833191,0.9736582636833191
0.09906834363937378,0,17,65161,0.99609375,0.9375,0.9375
0.057483360171318054,0,17,65261,0.9944186210632324,0.978960394859314,0.978960394859314
0.059380900114774704,0,17,65361,0.9951757788658142,0.9779228568077087,0.9779228568077087
0.05730637162923813,0,17,65461,0.9952017664909363,0.9794435501098633,0.9794435501098633
0.06192796304821968,0,17,65561,0.9945562481880188,0.977867841720581,0.977867841720581
0.06368508189916611,0,17,65661,0.994137167930603,0.9767963886260986,0.9767963886260986
0.06660379469394684,0,17,65761,0.9939122796058655,0.9744176268577576,0.9744176268577576
0.06757309287786484,0,17,65861,0.9938236474990845,0.9739657640457153,0.9739657640457153
0.06885477155447006,0,17,65961,0.9935926795005798,0.9736267328262329,0.9736267328262329
0.07056617736816406,0,17,66061,0.9932442307472229,0.9732242226600647,0.9732242226600647
0.06997109949588776,0,17,66161,0.9933769106864929,0.9734640121459961,0.9734640121459961
0.06922004371881485,0,17,66261,0.9935425519943237,0.9736602902412415,0.9736602902412415
0.06906542927026749,0,17,66361,0.9936420917510986,0.9736157655715942,0.9736157655715942
0.07026015967130661,0,17,66461,0.993388831615448,0.9733858704566956,0.9733858704566956
0.0710519403219223,0,17,66561,0.9933475255966187,0.9729211330413818,0.9729211330413818
0.07021874934434891,0,17,66661,0.9935377836227417,0.973475992679596,0.973475992679596
0.07089512795209885,0,17,66761,0.9934274554252625,0.9733369946479797,0.9733369946479797
0.07041557878255844,0,17,66861,0.9934622645378113,0.9736552238464355,0.9736552238464355
0.06979946047067642,0,17,66961,0.9935051202774048,0.9739033579826355,0.9739033579826355
0.06961925327777863,0,17,67061,0.9935773015022278,0.9738295674324036,0.9738295674324036
0.06967370212078094,0,17,67161,0.9935887455940247,0.9736381769180298,0.9736381769180298
0.06938149034976959,0,17,67261,0.9936345815658569,0.9736137390136719,0.9736137390136719
0.06941185891628265,0,17,67361,0.9936105012893677,0.9737903475761414,0.9737903475761414
0.06873162090778351,0,17,67461,0.9937541484832764,0.9740058779716492,0.9740058779716492
0.0685654729604721,0,17,67561,0.9937873482704163,0.9740472435951233,0.9740472435951233
0.06891753524541855,0,17,67661,0.9936949610710144,0.973735511302948,0.973735511302948
0.06938984245061874,0,17,67761,0.993624746799469,0.9736639857292175,0.9736639857292175
0.0691666305065155,0,17,67861,0.9936974048614502,0.973852276802063,0.973852276802063
0.06905537843704224,0,17,67961,0.9936912059783936,0.9739825129508972,0.9739825129508972
0.0688512995839119,0,17,68061,0.9937584400177002,0.9740391373634338,0.9740391373634338
0.06835798174142838,0,17,68161,0.9938609004020691,0.9741128087043762,0.9741128087043762
0.06828618794679642,0,17,68261,0.9938454627990723,0.9741615653038025,0.9741615653038025
0.06811689585447311,0,17,68361,0.9938142895698547,0.9742463231086731,0.9742463231086731
0.0679672583937645,0,17,68461,0.9938700795173645,0.9742881059646606,0.9742881059646606
0.06757796555757523,0,17,68561,0.9939563870429993,0.9744009375572205,0.9744009375572205
0.06795673072338104,0,17,68661,0.9938837885856628,0.974293053150177,0.974293053150177
0.0677659884095192,0,17,68761,0.9939411878585815,0.9743647575378418,0.9743647575378418
0.06796333938837051,0,17,68861,0.9939658045768738,0.9740442037582397,0.9740442037582397
0.06791079789400101,0,17,68961,0.9939768314361572,0.9741186499595642,0.9741186499595642
0.01301147136837244,0,18,68994,1.0,1.0,1.0
0.06123310327529907,0,18,69094,0.9944666624069214,0.9764851331710815,0.9764851331710815
0.06313305348157883,0,18,69194,0.9950100779533386,0.9754353165626526,0.9754353165626526
0.06085752695798874,0,18,69294,0.9946697354316711,0.9767441749572754,0.9767441749572754
0.06349067389965057,0,18,69394,0.9938258528709412,0.9755299091339111,0.9755299091339111
0.06365489959716797,0,18,69494,0.9938486814498901,0.9757984280586243,0.9757984280586243
0.06650535017251968,0,18,69594,0.9935362935066223,0.9743136167526245,0.9743136167526245
0.06840641796588898,0,18,69694,0.9933321475982666,0.9738765954971313,0.9738765954971313
0.06890410929918289,0,18,69794,0.9934869408607483,0.9734706878662109,0.9734706878662109
0.0709208995103836,0,18,69894,0.9932056665420532,0.972669243812561,0.972669243812561
0.06960427761077881,0,18,69994,0.9936308860778809,0.9732142686843872,0.9732142686843872
0.06852693855762482,0,18,70094,0.9938876032829285,0.9734899997711182,0.9734899997711182
0.06869301944971085,0,18,70194,0.9938657283782959,0.9731994271278381,0.9731994271278381
0.0692535862326622,0,18,70294,0.9937278628349304,0.972809374332428,0.972809374332428
0.06893607974052429,0,18,70394,0.9937445521354675,0.9729657173156738,0.9729657173156738
0.06814823299646378,0,18,70494,0.9938709735870361,0.9732677936553955,0.9732677936553955
0.06931129842996597,0,18,70594,0.9936543107032776,0.9730246663093567,0.9730246663093567
0.06921494007110596,0,18,70694,0.9937169551849365,0.9732877612113953,0.9732877612113953
0.06870467960834503,0,18,70794,0.9938382506370544,0.9735563397407532,0.9735563397407532
0.06801807880401611,0,18,70894,0.9939557909965515,0.973698079586029,0.973698079586029
0.0677797943353653,0,18,70994,0.9939927458763123,0.9738880395889282,0.9738880395889282
0.06807452440261841,0,18,71094,0.9939667582511902,0.9737922549247742,0.9737922549247742
0.06777719408273697,0,18,71194,0.9939747452735901,0.9739606976509094,0.9739606976509094
0.06690369546413422,0,18,71294,0.9941126704216003,0.974331796169281,0.974331796169281
0.06672218441963196,0,18,71394,0.9941129684448242,0.9744637608528137,0.9744637608528137
0.06752762943506241,0,18,71494,0.9939824342727661,0.9741353392601013,0.9741353392601013
0.06797043979167938,0,18,71594,0.9938657879829407,0.9741445779800415,0.9741445779800415
0.0675773024559021,0,18,71694,0.9939468502998352,0.9743150472640991,0.9743150472640991
0.0672154501080513,0,18,71794,0.9940011501312256,0.9744064807891846,0.9744064807891846
0.06676392257213593,0,18,71894,0.994040846824646,0.9746639132499695,0.9746639132499695
0.06593409925699234,0,18,71994,0.9941766858100891,0.9750083088874817,0.9750083088874817
0.0659370869398117,0,18,72094,0.9941681027412415,0.9749274253845215,0.9749274253845215
0.06578878313302994,0,18,72194,0.9941495656967163,0.975027322769165,0.975027322769165
0.06547876447439194,0,18,72294,0.994181215763092,0.9750832915306091,0.9750832915306091
0.06507378816604614,0,18,72394,0.9942282438278198,0.9752094745635986,0.9752094745635986
0.06572190672159195,0,18,72494,0.9941236972808838,0.9750249981880188,0.9750249981880188
0.06577164679765701,0,18,72594,0.9941561222076416,0.9748854637145996,0.9748854637145996
0.06605715304613113,0,18,72694,0.9940881133079529,0.9748209714889526,0.9748209714889526
0.06624769419431686,0,18,72794,0.9941139221191406,0.9747270345687866,0.9747270345687866
0.05741116404533386,0,19,72827,0.99609375,0.9375,0.9375
0.060880135744810104,0,19,72927,0.9941105842590332,0.9740098714828491,0.9740098714828491
0.06409741193056107,0,19,73027,0.9939881563186646,0.9745025038719177,0.9745025038719177
0.06526372581720352,0,19,73127,0.9938514828681946,0.9757059812545776,0.9757059812545776
0.06444615125656128,0,19,73227,0.9942179322242737,0.9761533737182617,0.9761533737182617
0.06705465167760849,0,19,73327,0.9941330552101135,0.9745509028434753,0.9745509028434753
0.06512665003538132,0,19,73427,0.9944514036178589,0.9749376177787781,0.9749376177787781
0.0666893944144249,0,19,73527,0.9940178394317627,0.9744115471839905,0.9744115471839905
0.06827341765165329,0,19,73627,0.9937739968299866,0.9742509126663208,0.9742509126663208
0.0683908462524414,0,19,73727,0.9936785101890564,0.9744728207588196,0.9744728207588196
0.06881039589643478,0,19,73827,0.9937919974327087,0.9744630455970764,0.9744630455970764
0.06791069358587265,0,19,73927,0.9937995672225952,0.9751362204551697,0.9751362204551697
0.0672340989112854,0,19,74027,0.9939228892326355,0.9752289652824402,0.9752289652824402
0.0679546520113945,0,19,74127,0.9937724471092224,0.9748750925064087,0.9748750925064087
0.06731456518173218,0,19,74227,0.9938527345657349,0.9751963019371033,0.9751963019371033
0.06604133546352386,0,19,74327,0.9940481185913086,0.9755579829216003,0.9755579829216003
0.06674788147211075,0,19,74427,0.9939581155776978,0.9749765992164612,0.9749765992164612
0.06695126742124557,0,19,74527,0.9938859939575195,0.974977970123291,0.974977970123291
0.06635025143623352,0,19,74627,0.9939815402030945,0.9749791622161865,0.9749791622161865
0.06564030051231384,0,19,74727,0.9940772652626038,0.9753419160842896,0.9753419160842896
0.0658336728811264,0,19,74827,0.9940327405929565,0.9751686453819275,0.9751686453819275
0.06533180922269821,0,19,74927,0.9940778017044067,0.9754283428192139,0.9754283428192139
0.06564988940954208,0,19,75027,0.9940449595451355,0.9752101302146912,0.9752101302146912
0.06565353274345398,0,19,75127,0.9940232634544373,0.975391149520874,0.975391149520874
0.06600616872310638,0,19,75227,0.9939004182815552,0.9750364422798157,0.9750364422798157
0.06692833453416824,0,19,75327,0.9937060475349426,0.9747101068496704,0.9747101068496704
0.06687236577272415,0,19,75427,0.9937540292739868,0.9747692942619324,0.9747692942619324
0.0667305514216423,0,19,75527,0.9938169121742249,0.9748704433441162,0.9748704433441162
0.066134013235569,0,19,75627,0.9939121603965759,0.9750089049339294,0.9750089049339294
0.06623362004756927,0,19,75727,0.9938796162605286,0.9750301837921143,0.9750301837921143
0.065586157143116,0,19,75827,0.993989884853363,0.9752790927886963,0.9752790927886963
0.06521853804588318,0,19,75927,0.9940422773361206,0.9753103852272034,0.9753103852272034
0.06490302085876465,0,19,76027,0.9941234588623047,0.9754178524017334,0.9754178524017334
0.06466685235500336,0,19,76127,0.9941467046737671,0.9754998683929443,0.9754998683929443
0.06464887410402298,0,19,76227,0.9941255450248718,0.975540280342102,0.975540280342102
0.06485643982887268,0,19,76327,0.9941048622131348,0.9754534363746643,0.9754534363746643
0.06458428502082825,0,19,76427,0.9941191077232361,0.9755796790122986,0.9755796790122986
0.06456287205219269,0,19,76527,0.994170069694519,0.9755809307098389,0.9755809307098389
0.06466042250394821,0,19,76627,0.9941173791885376,0.9755820631980896,0.9755820631980896
0.24535204470157623,0,20,76660,0.9375,0.9375,0.9375
0.05810467153787613,0,20,76760,0.9950343370437622,0.9801980257034302,0.9801980257034302
0.06389354914426804,0,20,76860,0.9938336610794067,0.9776119589805603,0.9776119589805603
0.06304530799388885,0,20,76960,0.9937445521354675,0.977367103099823,0.977367103099823
0.06012941151857376,0,20,77060,0.9939785599708557,0.978335440158844,0.978335440158844
0.06311123073101044,0,20,77160,0.993757963180542,0.9776696562767029,0.9776696562767029
0.0649862065911293,0,20,77260,0.9935051798820496,0.9768095016479492,0.9768095016479492
0.06553176790475845,0,20,77360,0.9934438467025757,0.976462185382843,0.976462185382843
0.06732431799173355,0,20,77460,0.9932736158370972,0.9757334589958191,0.9757334589958191
0.06760183721780777,0,20,77560,0.9932607412338257,0.9755826592445374,0.9755826592445374
0.06748001277446747,0,20,77660,0.9934494495391846,0.975462019443512,0.975462019443512
0.06682895123958588,0,20,77760,0.9935690760612488,0.9756471514701843,0.9756471514701843
0.06781664490699768,0,20,77860,0.993516743183136,0.9752289652824402,0.9752289652824402
0.06721181422472,0,20,77960,0.9936081767082214,0.9753555059432983,0.9753555059432983
0.06680125743150711,0,20,78060,0.9937162399291992,0.9756423830986023,0.9756423830986023
0.06708841025829315,0,20,78160,0.9936060905456543,0.9756412506103516,0.9756412506103516
0.06738734245300293,0,20,78260,0.9935933947563171,0.9752888679504395,0.9752888679504395
0.06684720516204834,0,20,78360,0.9936330318450928,0.9754923582077026,0.9754923582077026
0.0666738897562027,0,20,78460,0.9936538934707642,0.9756038188934326,0.9756038188934326
0.06550900638103485,0,20,78560,0.9939069747924805,0.9759337306022644,0.9759337306022644
0.06548810005187988,0,20,78660,0.9939443469047546,0.9760744571685791,0.9760744571685791
0.06593338400125504,0,20,78760,0.9938350319862366,0.9757555723190308,0.9757555723190308
0.06615696102380753,0,20,78860,0.9938046932220459,0.975749671459198,0.975749671459198
0.06603898853063583,0,20,78960,0.9938137531280518,0.9755269289016724,0.9755269289016724
0.06589090824127197,0,20,79060,0.9938067197799683,0.9755830764770508,0.9755830764770508
0.06612322479486465,0,20,79160,0.9939038753509521,0.9752599000930786,0.9752599000930786
0.0661887526512146,0,20,79260,0.9938611388206482,0.975346028804779,0.975346028804779
0.06585119664669037,0,20,79360,0.9939247965812683,0.9754257798194885,0.9754257798194885
0.06508417427539825,0,20,79460,0.9940687417984009,0.9757899045944214,0.9757899045944214
0.06470294296741486,0,20,79560,0.9941603541374207,0.975762665271759,0.975762665271759
0.06407857686281204,0,20,79660,0.9942477941513062,0.9759663343429565,0.9759663343429565
0.06372706592082977,0,20,79760,0.9943490624427795,0.9760560989379883,0.9760560989379883
0.06351093202829361,0,20,79860,0.9943293333053589,0.9761598110198975,0.9761598110198975
0.06339938938617706,0,20,79960,0.9943784475326538,0.9761814475059509,0.9761814475059509
0.06337867677211761,0,20,80060,0.9944024682044983,0.9761651158332825,0.9761651158332825
0.06337656825780869,0,20,80160,0.9944390654563904,0.9760960936546326,0.9760960936546326
0.06316112726926804,0,20,80260,0.9944851398468018,0.9760830402374268,0.9760830402374268
0.06305138021707535,0,20,80360,0.9945085644721985,0.9760199785232544,0.9760199785232544
0.06298463046550751,0,20,80460,0.9944846034049988,0.9761082530021667,0.9761082530021667
0.020602643489837646,0,21,80493,1.0,1.0,1.0
0.05258358269929886,0,21,80593,0.9958065152168274,0.9808168411254883,0.9808168411254883
0.06674376130104065,0,21,80693,0.9935754537582397,0.9757462739944458,0.9757462739944458
0.06489315629005432,0,21,80793,0.9935962557792664,0.9765365719795227,0.9765365719795227
0.06310391426086426,0,21,80893,0.9940385818481445,0.976465106010437,0.976465106010437
0.06298500299453735,0,21,80993,0.9944823384284973,0.9757984280586243,0.9757984280586243
0.06205373629927635,0,21,81093,0.9947234988212585,0.975769579410553,0.975769579410553
0.06315699219703674,0,21,81193,0.9945816397666931,0.9753031134605408,0.9753031134605408
0.06475592404603958,0,21,81293,0.9943445920944214,0.9748751521110535,0.9748751521110535
0.06507430970668793,0,21,81393,0.9942904114723206,0.9743340611457825,0.9743340611457825
0.06369366496801376,0,21,81493,0.9945212006568909,0.9751498699188232,0.9751498699188232
0.06357134878635406,0,21,81593,0.9946730732917786,0.9752497673034668,0.9752497673034668
0.0635257288813591,0,21,81693,0.99456787109375,0.9754891991615295,0.9754891991615295
0.0637621209025383,0,21,81793,0.9945228099822998,0.9753555059432983,0.9753555059432983
0.06318765878677368,0,21,81893,0.9945979118347168,0.9755531549453735,0.9755531549453735
0.062236446887254715,0,21,81993,0.9947976469993591,0.9758910536766052,0.9758910536766052
0.06240566447377205,0,21,82093,0.9947761297225952,0.9760305881500244,0.9760305881500244
0.062365733087062836,0,21,82193,0.9947523474693298,0.9762272238731384,0.9762272238731384
0.06156370788812637,0,21,82293,0.9948843121528625,0.9764366745948792,0.9764366745948792
0.061571162194013596,0,21,82393,0.9948375821113586,0.9764597415924072,0.9764597415924072
0.061429742723703384,0,21,82493,0.9948805570602417,0.9765742421150208,0.9765742421150208
0.061442386358976364,0,21,82593,0.9948495626449585,0.9766777753829956,0.9766777753829956
0.061847787350416183,0,21,82693,0.9947510361671448,0.976402759552002,0.976402759552002
0.06139890104532242,0,21,82793,0.9947729706764221,0.9765591025352478,0.9765591025352478
0.061311714351177216,0,21,82893,0.9947731494903564,0.9765462279319763,0.9765462279319763
0.061412960290908813,0,21,82993,0.9948107600212097,0.9764844179153442,0.9764844179153442
0.06186138838529587,0,21,83093,0.994698166847229,0.9762591123580933,0.9762591123580933
0.06170831248164177,0,21,83193,0.994724452495575,0.9763050675392151,0.9763050675392151
0.061551399528980255,0,21,83293,0.9948099255561829,0.9763253927230835,0.9763253927230835
0.061268094927072525,0,21,83393,0.9948195815086365,0.9763874411582947,0.9763874411582947
0.061092570424079895,0,21,83493,0.994846522808075,0.976466178894043,0.976466178894043
0.060550957918167114,0,21,83593,0.9948891997337341,0.9767816662788391,0.9767816662788391
0.060584165155887604,0,21,83693,0.994885265827179,0.9767455458641052,0.9767455458641052
0.06087203323841095,0,21,83793,0.9948307275772095,0.9766169190406799,0.9766169190406799
0.060482438653707504,0,21,83893,0.9949149489402771,0.9767715334892273,0.9767715334892273
0.060733452439308167,0,21,83993,0.9948272109031677,0.9767745137214661,0.9767745137214661
0.060680411756038666,0,21,84093,0.9948411583900452,0.9767599105834961,0.9767599105834961
0.06075834110379219,0,21,84193,0.9948620200157166,0.9767292737960815,0.9767292737960815
0.06056879460811615,0,21,84293,0.9948694705963135,0.9768481850624084,0.9768481850624084
0.028199007734656334,0,22,84326,1.0,1.0,1.0
0.050655558705329895,0,22,84426,0.9959980249404907,0.9808168411254883,0.9808168411254883
0.06256099045276642,0,22,84526,0.9940782785415649,0.9766790866851807,0.9766790866851807
0.055729545652866364,0,22,84626,0.9949961304664612,0.9798588156700134,0.9798588156700134
0.05558900907635689,0,22,84726,0.9948561787605286,0.979738175868988,0.979738175868988
0.05507699027657509,0,22,84826,0.9953588247299194,0.9784181714057922,0.9784181714057922
0.05905677005648613,0,22,84926,0.9949013590812683,0.9766014814376831,0.9766014814376831
0.059093937277793884,0,22,85026,0.9948886036872864,0.9762839078903198,0.9762839078903198
0.06047745421528816,0,22,85126,0.9946068525314331,0.976045548915863,0.976045548915863
0.06101113185286522,0,22,85226,0.9947041869163513,0.975790798664093,0.975790798664093
0.06112033128738403,0,22,85326,0.994739294052124,0.9762113094329834,0.9762113094329834
0.06232588738203049,0,22,85426,0.9943603873252869,0.9760444760322571,0.9760444760322571
0.06343039125204086,0,22,85526,0.9942581057548523,0.9754891991615295,0.9754891991615295
0.06348976492881775,0,22,85626,0.994245171546936,0.9755476713180542,0.9755476713180542
0.06286228448152542,0,22,85726,0.9943802356719971,0.9756870269775391,0.9756870269775391
0.06128944084048271,0,22,85826,0.9945248365402222,0.9764323830604553,0.9764323830604553
0.06226057559251785,0,22,85926,0.9944401383399963,0.9761867523193359,0.9761867523193359
0.0620163269340992,0,22,86026,0.9945360422134399,0.9763374328613281,0.9763374328613281
0.06208428367972374,0,22,86126,0.9945685863494873,0.976297914981842,0.976297914981842
0.061696622520685196,0,22,86226,0.9946485757827759,0.9763611555099487,0.9763611555099487
0.06084364280104637,0,22,86326,0.9947323203086853,0.9768241047859192,0.9768241047859192
0.061306241899728775,0,22,86426,0.9946064352989197,0.9768562316894531,0.9768562316894531
0.061767417937517166,0,22,86526,0.9945859909057617,0.9766867160797119,0.9766867160797119
0.06103230640292168,0,22,86626,0.9947044849395752,0.9767764210700989,0.9767764210700989
0.060647375881671906,0,22,86726,0.9947311878204346,0.9768325686454773,0.9768325686454773
0.06092527508735657,0,22,86826,0.9946793913841248,0.9768842458724976,0.9768842458724976
0.061036571860313416,0,22,86926,0.9946792721748352,0.9768598675727844,0.9768598675727844
0.06064165383577347,0,22,87026,0.9947252869606018,0.9770686626434326,0.9770686626434326
0.06027737632393837,0,22,87126,0.9947643280029297,0.9771956205368042,0.9771956205368042
0.05994939059019089,0,22,87226,0.9948543906211853,0.9773138761520386,0.9773138761520386
0.059708740562200546,0,22,87326,0.9949009418487549,0.9774658679962158,0.9774658679962158
0.05939797684550285,0,22,87426,0.9949485063552856,0.9774870872497559,0.9774870872497559
0.059558309614658356,0,22,87526,0.9949222803115845,0.9775460958480835,0.9775460958480835
0.059655506163835526,0,22,87626,0.9948498010635376,0.977582573890686,0.977582573890686
0.05933467298746109,0,22,87726,0.9948843717575073,0.9777271151542664,0.9777271151542664
0.05929960310459137,0,22,87826,0.9948835968971252,0.9776670932769775,0.9776670932769775
0.059080492705106735,0,22,87926,0.9949077367782593,0.9777318835258484,0.9777318835258484
0.05949249491095543,0,22,88026,0.9948815107345581,0.977489173412323,0.977489173412323
0.05992986261844635,0,22,88126,0.9947965145111084,0.9773743748664856,0.9773743748664856
0.053968582302331924,0,23,88159,0.99609375,0.9375,0.9375
0.047024112194776535,0,23,88259,0.9966208338737488,0.9845296740531921,0.9845296740531921
0.05809612199664116,0,23,88359,0.995491087436676,0.978233814239502,0.978233814239502
0.05733104795217514,0,23,88459,0.9949455857276917,0.9775747656822205,0.9775747656822205
0.05824802443385124,0,23,88559,0.994763970375061,0.977867841720581,0.977867841720581
0.061465293169021606,0,23,88659,0.9940105676651001,0.9762973785400391,0.9762973785400391
0.06300940364599228,0,23,88759,0.9938362240791321,0.9755615592002869,0.9755615592002869
0.06379471719264984,0,23,88859,0.993826150894165,0.9751248359680176,0.9751248359680176
0.06410857290029526,0,23,88959,0.9939171671867371,0.9752652645111084,0.9752652645111084
0.06468884646892548,0,23,89059,0.9940093755722046,0.9753051996231079,0.9753051996231079
0.0644717738032341,0,23,89159,0.9939095973968506,0.9757117629051208,0.9757117629051208
0.06381603330373764,0,23,89259,0.9941480159759521,0.9758174419403076,0.9758174419403076
0.06337197124958038,0,23,89359,0.9942929744720459,0.9755932688713074,0.9755932688713074
0.06328350305557251,0,23,89459,0.9943606853485107,0.9754515886306763,0.9754515886306763
0.06216873228549957,0,23,89559,0.9944776892662048,0.9760885238647461,0.9760885238647461
0.061327122151851654,0,23,89659,0.9945314526557922,0.9765156507492065,0.9765156507492065
0.061059243977069855,0,23,89759,0.9945551156997681,0.9765771627426147,0.9765771627426147
0.060889605432748795,0,23,89859,0.9945792555809021,0.9767048954963684,0.9767048954963684
0.06053755432367325,0,23,89959,0.9946160912513733,0.9767837524414062,0.9767837524414062
0.06072593107819557,0,23,90059,0.9946714043617249,0.976722776889801,0.976722776889801
0.060671914368867874,0,23,90159,0.9946490526199341,0.97669917345047,0.97669917345047
0.06032419949769974,0,23,90259,0.9946810007095337,0.9769752621650696,0.9769752621650696
0.06031794473528862,0,23,90359,0.9946815967559814,0.9770559072494507,0.9770559072494507
0.05986578017473221,0,23,90459,0.9947535991668701,0.9771295189857483,0.9771295189857483
0.05969356372952461,0,23,90559,0.9948140382766724,0.9770147800445557,0.9770147800445557
0.06036055460572243,0,23,90659,0.9947087168693542,0.9767593145370483,0.9767593145370483
0.060380302369594574,0,23,90759,0.9946678280830383,0.9767397046089172,0.9767397046089172
0.060136254876852036,0,23,90859,0.9947035908699036,0.9769298434257507,0.9769298434257507
0.059708163142204285,0,23,90959,0.994717001914978,0.977217972278595,0.977217972278595
0.059270910918712616,0,23,91059,0.9947832226753235,0.9774215817451477,0.9774215817451477
0.05884687602519989,0,23,91159,0.9948052167892456,0.9776532649993896,0.9776532649993896
0.05906173959374428,0,23,91259,0.9947587251663208,0.977567732334137,0.977567732334137
0.05869453027844429,0,23,91359,0.9948204755783081,0.9777998924255371,0.9777998924255371
0.058962881565093994,0,23,91459,0.9947856068611145,0.9777718782424927,0.9777718782424927
0.05902137607336044,0,23,91559,0.9947664737701416,0.9778558015823364,0.9778558015823364
0.05921507626771927,0,23,91659,0.9947561621665955,0.9776849746704102,0.9776849746704102
0.05908925086259842,0,23,91759,0.9947949051856995,0.9776450991630554,0.9776450991630554
0.05901455134153366,0,23,91859,0.9948274493217468,0.9776580929756165,0.9776580929756165
0.05868597701191902,0,23,91959,0.9948757886886597,0.9777690172195435,0.9777690172195435
0.0065392921678721905,0,24,91992,1.0,1.0,1.0
0.05497713387012482,0,24,92092,0.9951073527336121,0.9777227640151978,0.9777227640151978
0.0630851462483406,0,24,92192,0.9933602809906006,0.9773010015487671,0.9773010015487671
0.05778232961893082,0,24,92292,0.9944560527801514,0.9790282249450684,0.9790282249450684
0.05883700028061867,0,24,92392,0.9943395256996155,0.9781795740127563,0.9781795740127563
0.059716127812862396,0,24,92492,0.9945201277732849,0.9774201512336731,0.9774201512336731
0.0605081245303154,0,24,92592,0.994519829750061,0.9770174622535706,0.9770174622535706
0.06004224717617035,0,24,92692,0.9949569702148438,0.976818859577179,0.976818859577179
0.06095804274082184,0,24,92792,0.9948737025260925,0.9764357209205627,0.9764357209205627
0.06189225614070892,0,24,92892,0.9946236610412598,0.9764150977134705,0.9764150977134705
0.060811225324869156,0,24,92992,0.9949098825454712,0.9770230054855347,0.9770230054855347
0.05975639075040817,0,24,93092,0.9950993657112122,0.9774636626243591,0.9774636626243591
0.05980891361832619,0,24,93192,0.9950129985809326,0.9772064685821533,0.9772064685821533
0.06086905673146248,0,24,93292,0.9947579503059387,0.9766525626182556,0.9766525626182556
0.06021743267774582,0,24,93392,0.9949200749397278,0.9768468737602234,0.9768468737602234
0.05988064408302307,0,24,93492,0.9949749112129211,0.9768903851509094,0.9768903851509094
0.06045113876461983,0,24,93592,0.994857668876648,0.9766942262649536,0.9766942262649536
0.06028299406170845,0,24,93692,0.9948971271514893,0.976668119430542,0.976668119430542
0.06038016825914383,0,24,93792,0.9948290586471558,0.9766796231269836,0.9766796231269836
0.05938868969678879,0,24,93892,0.9949764609336853,0.9772159457206726,0.9772159457206726
0.059469494968652725,0,24,93992,0.994803786277771,0.9773238301277161,0.9773238301277161
0.059810150414705276,0,24,94092,0.9946557879447937,0.9772727489471436,0.9772727489471436
0.05969253554940224,0,24,94192,0.9947147965431213,0.9772546291351318,0.9772546291351318
0.05931386351585388,0,24,94292,0.9947909712791443,0.9772924780845642,0.9772924780845642
0.058848071843385696,0,24,94392,0.994909942150116,0.977483332157135,0.977483332157135
0.05900438129901886,0,24,94492,0.9948990345001221,0.9774590134620667,0.9774590134620667
0.05885131284594536,0,24,94592,0.9949055314064026,0.9775086641311646,0.9775086641311646
0.05903314799070358,0,24,94692,0.9948512315750122,0.977485179901123,0.977485179901123
0.058416273444890976,0,24,94792,0.9949244856834412,0.9777311682701111,0.9777311682701111
0.057949092239141464,0,24,94892,0.9949838519096375,0.9779386520385742,0.9779386520385742
0.05735135078430176,0,24,94992,0.9950870275497437,0.9781531095504761,0.9781531095504761
0.05674904212355614,0,24,95092,0.995201587677002,0.978394091129303,0.978394091129303
0.05648108571767807,0,24,95192,0.9952298998832703,0.9786004424095154,0.9786004424095154
0.05637149140238762,0,24,95292,0.9952288269996643,0.9786807298660278,0.9786807298660278
0.056431181728839874,0,24,95392,0.9951878190040588,0.9787194728851318,0.9787194728851318
0.05633087456226349,0,24,95492,0.9951898455619812,0.9787739515304565,0.9787739515304565
0.05586995184421539,0,24,95592,0.9952374696731567,0.9788947701454163,0.9788947701454163
0.055986471474170685,0,24,95692,0.9951980710029602,0.978840172290802,0.978840172290802
0.055836308747529984,0,24,95792,0.9952300190925598,0.978903591632843,0.978903591632843
0.015795843675732613,0,25,95825,1.0,1.0,1.0
0.052539724856615067,0,25,95925,0.9963423013687134,0.9764851331710815,0.9764851331710815
0.05284664407372475,0,25,96025,0.9968474507331848,0.9773010015487671,0.9773010015487671
0.052370090037584305,0,25,96125,0.9965296387672424,0.9790282249450684,0.9790282249450684
0.052006423473358154,0,25,96225,0.9964739084243774,0.9781795740127563,0.9781795740127563
0.05364542827010155,0,25,96325,0.9959867000579834,0.9789171814918518,0.9789171814918518
0.053331613540649414,0,25,96425,0.9961262345314026,0.9789933562278748,0.9789933562278748
0.055509645491838455,0,25,96525,0.995888352394104,0.9777995944023132,0.9777995944023132
0.05681430175900459,0,25,96625,0.9956468939781189,0.9774500727653503,0.9774500727653503
0.05828939005732536,0,25,96725,0.995389997959137,0.9771087765693665,0.9771087765693665
0.058123815804719925,0,25,96825,0.9954136610031128,0.9774600267410278,0.9774600267410278
0.0575140081346035,0,25,96925,0.9954983592033386,0.9775772094726562,0.9775772094726562
0.057642191648483276,0,25,97025,0.9955813884735107,0.977258563041687,0.977258563041687
0.058771923184394836,0,25,97125,0.9954199194908142,0.9768447279930115,0.9768447279930115
0.058115869760513306,0,25,97225,0.995502769947052,0.9773375988006592,0.9773375988006592
0.0573648177087307,0,25,97325,0.9955808520317078,0.97763991355896,0.97763991355896
0.05763270705938339,0,25,97425,0.99551922082901,0.9775921106338501,0.9775921106338501
0.057431597262620926,0,25,97525,0.9955421090126038,0.9777704477310181,0.9777704477310181
0.056714076548814774,0,25,97625,0.9956437349319458,0.9781718254089355,0.9781718254089355
0.056367140263319016,0,25,97725,0.9956244826316833,0.978235125541687,0.978235125541687
0.056576285511255264,0,25,97825,0.9955815076828003,0.9780422449111938,0.9780422449111938
0.05705380067229271,0,25,97925,0.9954995512962341,0.977778434753418,0.977778434753418
0.057327304035425186,0,25,98025,0.9953330159187317,0.9777941703796387,0.9777941703796387
0.05662953108549118,0,25,98125,0.9954491257667542,0.9779715538024902,0.9779715538024902
0.05642674118280411,0,25,98225,0.9954681992530823,0.978056013584137,0.978056013584137
0.0578124038875103,0,25,98325,0.9952268004417419,0.9777339100837708,0.9777339100837708
0.05783671885728836,0,25,98425,0.9951894283294678,0.9777249097824097,0.9777249097824097
0.057621125131845474,0,25,98525,0.9952364563941956,0.9778091311454773,0.9778091311454773
0.0568864643573761,0,25,98625,0.9953635334968567,0.9781551361083984,0.9781551361083984
0.05668659135699272,0,25,98725,0.995395839214325,0.9782187342643738,0.9782187342643738
0.05658021569252014,0,25,98825,0.9953863620758057,0.9783613681793213,0.9783613681793213
0.056500475853681564,0,25,98925,0.9953941702842712,0.9784142374992371,0.9784142374992371
0.05610639229416847,0,25,99025,0.9954339265823364,0.9785418510437012,0.9785418510437012
0.056161973625421524,0,25,99125,0.9954382181167603,0.9785481691360474,0.9785481691360474
0.055929917842149734,0,25,99225,0.9954706430435181,0.9786459803581238,0.9786459803581238
0.05604935809969902,0,25,99325,0.9954720139503479,0.9786489605903625,0.9786489605903625
0.05632493644952774,0,25,99425,0.9954050779342651,0.9785823225975037,0.9785823225975037
0.05625313147902489,0,25,99525,0.9954109787940979,0.9786375164985657,0.9786375164985657
0.05624815449118614,0,25,99625,0.9954130053520203,0.9786240458488464,0.9786240458488464
