loss,compile_metrics,epoch,step,auc_1,binary_accuracy,lr,recall_1
0.7387694120407104,0,0,0,0.42138671875,0.4375,0.0010201793629676104,0.4375
0.5745701789855957,0,0,100,0.7714089155197144,0.6828588843345642,0.002029147930443287,0.6828588843345642
0.5422559976577759,0,0,200,0.7960529923439026,0.7002487778663635,0.003038116730749607,0.7002487778663635
0.5342432856559753,0,0,300,0.8006216287612915,0.7027616500854492,0.004047085531055927,0.7027616500854492
0.5294404625892639,0,0,400,0.8057717084884644,0.7058135867118835,0.0050560543313622475,0.7058135867118835
0.5146842002868652,0,0,500,0.8162539005279541,0.7162550091743469,0.006002993322908878,0.7162550091743469
0.5111076831817627,0,0,600,0.8171801567077637,0.7159422039985657,0.006668047979474068,0.7159422039985657
0.5060626268386841,0,0,700,0.8208186030387878,0.7197307348251343,0.007143326569348574,0.7197307348251343
0.5077593326568604,0,0,800,0.8205949664115906,0.721207857131958,0.0074998922646045685,0.721207857131958
0.5100506544113159,0,0,900,0.8166919350624084,0.7179176211357117,0.007777264807373285,0.7179176211357117
0.5040212869644165,0,0,1000,0.82054603099823,0.7219967246055603,0.007999165914952755,0.7219967246055603
0.4959256052970886,0,0,1100,0.8270575404167175,0.7282299995422363,0.008180694654583931,0.7282299995422363
0.48723459243774414,0,0,1200,0.8345790505409241,0.7357670664787292,0.008331931196153164,0.7357670664787292
0.4788645803928375,0,0,1300,0.8414238691329956,0.742577850818634,0.008459847420454025,0.742577850818634
0.4708808362483978,0,0,1400,0.8475247025489807,0.7487508654594421,0.008569429628551006,0.7487508654594421
0.4638993442058563,0,0,1500,0.852648138999939,0.7538307905197144,0.008664336055517197,0.7538307905197144
0.4568803906440735,0,0,1600,0.8578510284423828,0.758881151676178,0.008747310377657413,0.758881151676178
0.45045602321624756,0,0,1700,0.8626388311386108,0.7639256119728088,0.00882044155150652,0.7639256119728088
0.3464154303073883,0,1,1786,0.921875,0.8125,0.009989270009100437,0.8125
0.3220701813697815,0,1,1886,0.9341147541999817,0.8530321717262268,0.009988450445234776,0.8530321717262268
0.3146117925643921,0,1,1986,0.937049925327301,0.8558768630027771,0.00998759176582098,0.8558768630027771
0.3073529899120331,0,1,2086,0.9394527077674866,0.8610880374908447,0.009986692108213902,0.8610880374908447
0.30888018012046814,0,1,2186,0.9389007091522217,0.8598036170005798,0.009985753335058689,0.8598036170005798
0.3071609437465668,0,1,2286,0.939538836479187,0.8603417873382568,0.009984772652387619,0.8603417873382568
0.3038457930088043,0,1,2386,0.9407447576522827,0.861896812915802,0.009983756579458714,0.861896812915802
0.3040028214454651,0,1,2486,0.9407516717910767,0.8623394966125488,0.00998269859701395,0.8623394966125488
0.3044346570968628,0,1,2586,0.940453290939331,0.8614231944084167,0.009981599636375904,0.8614231944084167
0.3039315342903137,0,1,2686,0.9405628442764282,0.860571563243866,0.009980465285480022,0.860571563243866
0.30269554257392883,0,1,2786,0.9411200284957886,0.8611076474189758,0.009979289956390858,0.8611076474189758
0.3020171821117401,0,1,2886,0.9413447976112366,0.8616030812263489,0.00997807364910841,0.8616030812263489
0.3026590049266815,0,1,2986,0.9411069750785828,0.861391544342041,0.009976816363632679,0.861391544342041
0.30072346329689026,0,1,3086,0.9418396353721619,0.8624375462532043,0.009975519962608814,0.8624375462532043
0.29989632964134216,0,1,3186,0.9420930743217468,0.8633565306663513,0.00997418537735939,0.8633565306663513
0.2986598312854767,0,1,3286,0.942546010017395,0.8641946911811829,0.009972812607884407,0.8641946911811829
0.2977830767631531,0,1,3386,0.9428646564483643,0.8642840385437012,0.00997139886021614,0.8642840385437012
0.2969374358654022,0,1,3486,0.9431880116462708,0.8649140000343323,0.009969944134354591,0.8649140000343323
0.18535533547401428,0,2,3572,0.9814453125,0.90625,0.009941752068698406,0.90625
0.27638906240463257,0,2,3672,0.9501953125,0.8728341460227966,0.009939872659742832,0.8728341460227966
0.2704981565475464,0,2,3772,0.952492356300354,0.8768656849861145,0.00993795320391655,0.8768656849861145
0.26814568042755127,0,2,3872,0.9531871676445007,0.8794642686843872,0.009935997426509857,0.8794642686843872
0.2663358747959137,0,2,3972,0.9537832140922546,0.8797537684440613,0.009934000670909882,0.8797537684440613
0.26465705037117004,0,2,4072,0.9542607069015503,0.8825473785400391,0.009931964799761772,0.8825473785400391
0.2641528844833374,0,2,4172,0.9545638561248779,0.8836314678192139,0.009929889813065529,0.8836314678192139
0.26298874616622925,0,2,4272,0.9548794031143188,0.8842278718948364,0.009927774779498577,0.8842278718948364
0.2637859582901001,0,2,4372,0.9545559883117676,0.8835440278053284,0.009925620630383492,0.8835440278053284
0.2629281282424927,0,2,4472,0.9548224210739136,0.8834628462791443,0.009923430159687996,0.8834628462791443
0.26337963342666626,0,2,4572,0.9548099637031555,0.8832730054855347,0.009921197779476643,0.8832730054855347
0.2636563181877136,0,2,4672,0.9547330737113953,0.8832311630249023,0.00991892535239458,0.8832311630249023
0.2654389441013336,0,2,4772,0.9541215896606445,0.8823376297950745,0.00991661474108696,0.8823376297950745
0.2652803063392639,0,2,4872,0.9541201591491699,0.8826383352279663,0.009914266876876354,0.8826383352279663
0.2658728361129761,0,2,4972,0.9539459347724915,0.8822938799858093,0.009911877103149891,0.8822938799858093
0.26517683267593384,0,2,5072,0.9542005658149719,0.8825574517250061,0.009909451007843018,0.8825574517250061
0.26533061265945435,0,2,5172,0.9540513753890991,0.882612407207489,0.00990698579698801,0.882612407207489
0.2655351459980011,0,2,5272,0.9539873600006104,0.8832488059997559,0.00990448147058487,0.8832488059997559
0.24497561156749725,0,3,5358,0.9599609375,0.84375,0.009856623597443104,0.84375
0.2649839520454407,0,3,5458,0.9539461135864258,0.8839727640151978,0.009853698313236237,0.8839727640151978
0.2621366083621979,0,3,5558,0.9553860425949097,0.8847947716712952,0.009850742295384407,0.8847947716712952
0.25851017236709595,0,3,5658,0.9563366174697876,0.8873546719551086,0.009847738780081272,0.8873546719551086
0.25606533885002136,0,3,5758,0.9571042060852051,0.8887936472892761,0.009844698943197727,0.8887936472892761
0.2525680661201477,0,3,5858,0.9580573439598083,0.891092836856842,0.009841620922088623,0.891092836856842
0.2524975836277008,0,3,5958,0.9581612348556519,0.8907549977302551,0.009838503785431385,0.8907549977302551
0.2511040270328522,0,3,6058,0.9585736393928528,0.8909147381782532,0.009835349395871162,0.8909147381782532
0.24939875304698944,0,3,6158,0.9591184854507446,0.8915418386459351,0.009832154959440231,0.8915418386459351
0.24814757704734802,0,3,6258,0.9594637751579285,0.8914054036140442,0.009828922338783741,0.8914054036140442
0.24615654349327087,0,3,6358,0.9601103067398071,0.8928571343421936,0.009825652465224266,0.8928571343421936
0.24762791395187378,0,3,6458,0.9597306251525879,0.8920867443084717,0.009822343476116657,0.8920867443084717
0.2473079264163971,0,3,6558,0.9598469138145447,0.8924593925476074,0.009818998165428638,0.8924593925476074
0.2464635670185089,0,3,6658,0.9601160287857056,0.8927987813949585,0.009815612807869911,0.8927987813949585
0.2462286353111267,0,3,6758,0.9602099657058716,0.8932012915611267,0.009812189266085625,0.8932012915611267
0.2460527867078781,0,3,6858,0.9602559208869934,0.8936334252357483,0.009808728471398354,0.8936334252357483
0.245768204331398,0,3,6958,0.9602988362312317,0.893913984298706,0.009805230423808098,0.893913984298706
0.24582894146442413,0,3,7058,0.9603233933448792,0.8939226865768433,0.009801694191992283,0.8939226865768433
0.21286863088607788,0,4,7144,0.9716796875,0.90625,0.009734532795846462,0.90625
0.2371717393398285,0,4,7244,0.9631276726722717,0.9016088843345642,0.009730586782097816,0.9016088843345642
0.24369081854820251,0,4,7344,0.9605523347854614,0.8964552283287048,0.009726601652801037,0.8964552283287048
0.24101723730564117,0,4,7444,0.9612586498260498,0.8986710906028748,0.009722581133246422,0.8986710906028748
0.23436559736728668,0,4,7544,0.9634496569633484,0.9012624621391296,0.009718522429466248,0.9012624621391296
0.23255430161952972,0,4,7644,0.9638314247131348,0.9021332263946533,0.009714427404105663,0.9021332263946533
0.23207765817642212,0,4,7744,0.9639756679534912,0.9013622999191284,0.009710293263196945,0.9013622999191284
0.22981223464012146,0,4,7844,0.964568555355072,0.9024161696434021,0.009706121869385242,0.9024161696434021
0.22947517037391663,0,4,7944,0.9645113348960876,0.9023095965385437,0.009701913222670555,0.9023095965385437
0.23021602630615234,0,4,8044,0.9643628597259521,0.9011167883872986,0.009697666391730309,0.9011167883872986
0.23160576820373535,0,4,8144,0.9638292193412781,0.9007866978645325,0.009693382307887077,0.9007866978645325
0.2321166843175888,0,4,8244,0.9636843204498291,0.9006017446517944,0.00968906283378601,0.9006017446517944
0.23429754376411438,0,4,8344,0.9631735682487488,0.8989123702049255,0.00968470424413681,0.8989123702049255
0.2329467535018921,0,4,8444,0.9635319709777832,0.899860680103302,0.009680310264229774,0.899860680103302
0.23291577398777008,0,4,8544,0.9636538028717041,0.9002274870872498,0.009675879962742329,0.9002274870872498
0.23218414187431335,0,4,8644,0.9639182090759277,0.9002331495285034,0.009671411477029324,0.9002331495285034
0.23194056749343872,0,4,8744,0.9639773368835449,0.9006480574607849,0.009666906669735909,0.9006480574607849
0.23258590698242188,0,4,8844,0.963817834854126,0.9002976417541504,0.00966236088424921,0.9002976417541504
0.34071195125579834,0,5,8930,0.9306640625,0.84375,0.009576410055160522,0.84375
0.22391277551651,0,5,9030,0.9668178558349609,0.9037747383117676,0.009571468457579613,0.9037747383117676
0.22542405128479004,0,5,9130,0.9662502408027649,0.9022077322006226,0.009566495195031166,0.9022077322006226
0.22404739260673523,0,5,9230,0.9667048454284668,0.9038621187210083,0.009561482816934586,0.9038621187210083
0.2238486409187317,0,5,9330,0.9668723940849304,0.9050031304359436,0.009556437842547894,0.9050031304359436
0.2230575680732727,0,5,9430,0.9670695066452026,0.9060004949569702,0.009551352821290493,0.9060004949569702
0.22431890666484833,0,5,9530,0.9665167927742004,0.9052100777626038,0.009546233341097832,0.9052100777626038
0.2219972461462021,0,5,9630,0.967216968536377,0.906116247177124,0.009541076608002186,0.906116247177124
0.22121474146842957,0,5,9730,0.9674615263938904,0.9069912433624268,0.009535884484648705,0.9069912433624268
0.22177977859973907,0,5,9830,0.967255175113678,0.9064580798149109,0.009530656971037388,0.9064580798149109
0.22164727747440338,0,5,9930,0.9672316908836365,0.9062812328338623,0.009525394067168236,0.9062812328338623
0.2233402132987976,0,5,10030,0.966681718826294,0.9053984880447388,0.009520093910396099,0.9053984880447388
0.22525416314601898,0,5,10130,0.9661195874214172,0.9043505191802979,0.009514760226011276,0.9043505191802979
0.22458600997924805,0,5,10230,0.9662004113197327,0.9049769639968872,0.009509388357400894,0.9049769639968872
0.22431357204914093,0,5,10330,0.9663366675376892,0.9051124453544617,0.009503981098532677,0.9051124453544617
0.22337892651557922,0,5,10430,0.9665565490722656,0.9052923321723938,0.009498539380729198,0.9052923321723938
0.22277957201004028,0,5,10530,0.9667034149169922,0.9056448936462402,0.00949306134134531,0.9056448936462402
0.22281843423843384,0,5,10630,0.9666458964347839,0.905698835849762,0.009487547911703587,0.905698835849762
0.1931382417678833,0,6,10716,0.9814453125,0.90625,0.009383456781506538,0.90625
0.22019709646701813,0,6,10816,0.9663074612617493,0.9096534848213196,0.009377566166222095,0.9096534848213196
0.21848969161510468,0,6,10916,0.9668984413146973,0.9087375402450562,0.009371621534228325,0.9087375402450562
0.21314911544322968,0,6,11016,0.9678969383239746,0.9108180999755859,0.009365661069750786,0.9108180999755859
0.2110120952129364,0,6,11116,0.9688388109207153,0.9130299091339111,0.00935966707766056,0.9130299091339111
0.21086125075817108,0,6,11216,0.9689681529998779,0.9125499129295349,0.00935363583266735,0.9125499129295349
0.207137331366539,0,6,11316,0.9701443314552307,0.9143614768981934,0.00934757012873888,0.9143614768981934
0.20651976764202118,0,6,11416,0.9702457785606384,0.9156116247177124,0.009341469034552574,0.9156116247177124
0.20576444268226624,0,6,11516,0.9703966379165649,0.9153401851654053,0.009335333481431007,0.9153401851654053
0.20435738563537598,0,6,11616,0.9708169102668762,0.9162389039993286,0.009329162538051605,0.9162389039993286
0.20475777983665466,0,6,11716,0.9707452058792114,0.9159278273582458,0.009322958067059517,0.9159278273582458
0.20537835359573364,0,6,11816,0.9705790281295776,0.9149636626243591,0.009316719137132168,0.9149636626243591
0.20726659893989563,0,6,11916,0.9700731635093689,0.9140560030937195,0.009310447610914707,0.9140560030937195
0.20730644464492798,0,6,12016,0.9701086282730103,0.9141765832901001,0.009304140694439411,0.9141765832901001
0.20724137127399445,0,6,12116,0.9701510071754456,0.9142576456069946,0.009297800250351429,0.9142576456069946
0.2069750279188156,0,6,12216,0.9702599048614502,0.9143279194831848,0.00929142627865076,0.9143279194831848
0.20769084990024567,0,6,12316,0.9700527787208557,0.9143113493919373,0.009285018779337406,0.9143113493919373
0.208083376288414,0,6,12416,0.9700024724006653,0.9142048954963684,0.009278576821088791,0.9142048954963684
0.3278561234474182,0,7,12502,0.9091796875,0.875,0.009157144464552402,0.875
0.20784123241901398,0,7,12602,0.9691908359527588,0.9149133563041687,0.009150341153144836,0.9149133563041687
0.21105720102787018,0,7,12702,0.9689056873321533,0.9129353165626526,0.00914350338280201,0.9129353165626526
0.2065042406320572,0,7,12802,0.9699046611785889,0.9146594405174255,0.009136633947491646,0.9146594405174255
0.20776121318340302,0,7,12902,0.9698140621185303,0.9138092398643494,0.00912973191589117,0.9138092398643494
0.2061040699481964,0,7,13002,0.9705070853233337,0.9147330522537231,0.009122795425355434,0.9147330522537231
0.20400594174861908,0,7,13102,0.9712264537811279,0.9149854183197021,0.009115827269852161,0.9149854183197021
0.19982409477233887,0,7,13202,0.9722523093223572,0.9164140224456787,0.009108827449381351,0.9164140224456787
0.19895373284816742,0,7,13302,0.9722815752029419,0.9168617129325867,0.00910179503262043,0.9168617129325867
0.19908088445663452,0,7,13402,0.9722449779510498,0.9170366525650024,0.009094729088246822,0.9170366525650024
0.2001267373561859,0,7,13502,0.9720166921615601,0.9168956279754639,0.009087631478905678,0.9168956279754639
0.19960151612758636,0,7,13602,0.972191572189331,0.9168086051940918,0.009080500341951847,0.9168086051940918
0.20145128667354584,0,7,13702,0.9717581868171692,0.9160075187683105,0.00907333754003048,0.9160075187683105
0.20151901245117188,0,7,13802,0.971659243106842,0.9163624048233032,0.009066143073141575,0.9163624048233032
0.20145416259765625,0,7,13902,0.9717522859573364,0.9165328145027161,0.009058916941285133,0.9165328145027161
0.20059406757354736,0,7,14002,0.9719716310501099,0.9169095754623413,0.00905165821313858,0.9169095754623413
0.20120029151439667,0,7,14102,0.9718447923660278,0.9164389371871948,0.009044368751347065,0.9164389371871948
0.20145753026008606,0,7,14202,0.9717320203781128,0.9162808656692505,0.009037046693265438,0.9162808656692505
0.36635470390319824,0,8,14288,0.931640625,0.875,0.008899192325770855,0.875
0.19429120421409607,0,8,14388,0.9737473130226135,0.9232673048973083,0.008891530334949493,0.9232673048973083
0.18896637856960297,0,8,14488,0.9750792980194092,0.9219527244567871,0.00888383761048317,0.9219527244567871
0.19066041707992554,0,8,14588,0.9745468497276306,0.920265793800354,0.008876114152371883,0.920265793800354
0.19408072531223297,0,8,14688,0.9735287427902222,0.917238175868988,0.008868359960615635,0.917238175868988
0.19180257618427277,0,8,14788,0.9741114974021912,0.91878741979599,0.008860571309924126,0.91878741979599
0.19047412276268005,0,8,14888,0.9743560552597046,0.9197171330451965,0.008852758444845676,0.9197171330451965
0.1894315779209137,0,8,14988,0.9746296405792236,0.9203370213508606,0.008844908326864243,0.9203370213508606
0.1873161494731903,0,8,15088,0.9751043319702148,0.9216994643211365,0.008837033063173294,0.9216994643211365
0.18902504444122314,0,8,15188,0.9746425151824951,0.9207130670547485,0.008829126134514809,0.9207130670547485
0.18936483561992645,0,8,15288,0.9746403694152832,0.9207043051719666,0.008821189403533936,0.9207043051719666
0.19003191590309143,0,8,15388,0.9744533896446228,0.9205268025398254,0.008813221007585526,0.9205268025398254
0.19164246320724487,0,8,15488,0.9740692973136902,0.919858455657959,0.008805224671959877,0.919858455657959
0.19066278636455536,0,8,15588,0.9742934107780457,0.9203737378120422,0.008797196671366692,0.9203737378120422
0.19154101610183716,0,8,15688,0.9741480946540833,0.9199232459068298,0.008789139799773693,0.9199232459068298
0.19163434207439423,0,8,15788,0.9741714596748352,0.9196577072143555,0.008781054057180882,0.9196577072143555
0.19172915816307068,0,8,15888,0.974181592464447,0.9197962284088135,0.008772937580943108,0.9197962284088135
0.19213953614234924,0,8,15988,0.9740978479385376,0.9200102686882019,0.008764791302382946,0.9200102686882019
0.17120231688022614,0,9,16074,0.984375,0.9375,0.008611566387116909,0.9375
0.17582128942012787,0,9,16174,0.9767885208129883,0.9331682920455933,0.008603105321526527,0.9331682920455933
0.17900806665420532,0,9,16274,0.9761801362037659,0.9292599558830261,0.008594613522291183,0.9292599558830261
0.18048742413520813,0,9,16374,0.9763252139091492,0.9281561374664307,0.008586094714701176,0.9281561374664307
0.18186014890670776,0,9,16474,0.9758756756782532,0.9270573854446411,0.008577547036111355,0.9270573854446411
0.18340164422988892,0,9,16574,0.975726842880249,0.9264596104621887,0.008568971417844296,0.9264596104621887
0.18243569135665894,0,9,16674,0.9761772751808167,0.9264767169952393,0.008560366928577423,0.9264767169952393
0.18059921264648438,0,9,16774,0.976669192314148,0.9277817606925964,0.008551734499633312,0.9277817606925964
0.18167512118816376,0,9,16874,0.9764338135719299,0.9266541600227356,0.008543074131011963,0.9266541600227356
0.1820724755525589,0,9,16974,0.9763258695602417,0.9261237382888794,0.008534385822713375,0.9261237382888794
0.1822877675294876,0,9,17074,0.9765028357505798,0.9261363744735718,0.008525669574737549,0.9261363744735718
0.1848772168159485,0,9,17174,0.9758107662200928,0.9247274994850159,0.008516925387084484,0.9247274994850159
0.18600380420684814,0,9,17274,0.9754812121391296,0.9242558479309082,0.008508154191076756,0.9242558479309082
0.18615688383579254,0,9,17374,0.9754379987716675,0.923736572265625,0.008499355055391788,0.923736572265625
0.18753066658973694,0,9,17474,0.9752053022384644,0.9231798648834229,0.008490528911352158,0.9231798648834229
0.1868070662021637,0,9,17574,0.9754595756530762,0.9233011603355408,0.008481674827635288,0.9233011603355408
0.18772315979003906,0,9,17674,0.9752804040908813,0.9229778051376343,0.00847279280424118,0.9229778051376343
0.1880250722169876,0,9,17774,0.9752682447433472,0.9227292537689209,0.008463884703814983,0.9227292537689209
0.1435956060886383,0,10,17860,0.98828125,0.9375,0.008296453393995762,0.9375
0.18290935456752777,0,10,17960,0.9761637449264526,0.927289605140686,0.008287256583571434,0.927289605140686
0.18237784504890442,0,10,18060,0.976388156414032,0.926616907119751,0.008278031833469868,0.926616907119751
0.18084746599197388,0,10,18160,0.9766119122505188,0.9262873530387878,0.008268782868981361,0.9262873530387878
0.18257424235343933,0,10,18260,0.9759771227836609,0.9253429174423218,0.008259505964815617,0.9253429174423218
0.18029914796352386,0,10,18360,0.9768415689468384,0.9266467094421387,0.008250203914940357,0.9266467094421387
0.17677490413188934,0,10,18460,0.9775441884994507,0.928816556930542,0.008240877650678158,0.928816556930542
0.17540501058101654,0,10,18560,0.9777422547340393,0.929921567440033,0.008231524378061295,0.929921567440033
0.17470578849315643,0,10,18660,0.9779074788093567,0.9293461441993713,0.008222145959734917,0.9293461441993713
0.17431926727294922,0,10,18760,0.9779991507530212,0.9295574426651001,0.008212742395699024,0.9295574426651001
0.1756858080625534,0,10,18860,0.9777346849441528,0.9294143319129944,0.008203311823308468,0.9294143319129944
0.1760098785161972,0,10,18960,0.9776116609573364,0.9287579655647278,0.00819386262446642,0.9287579655647278
0.17660579085350037,0,10,19060,0.9774534702301025,0.9283149242401123,0.008184381760656834,0.9283149242401123
0.17621955275535583,0,10,19160,0.977375328540802,0.9283243417739868,0.008174877613782883,0.9283243417739868
0.1768282949924469,0,10,19260,0.977363646030426,0.928020179271698,0.008165348321199417,0.928020179271698
0.1763574779033661,0,10,19360,0.977514922618866,0.9282978177070618,0.008155795745551586,0.9282978177070618
0.17688460648059845,0,10,19460,0.977337121963501,0.9281308650970459,0.008146217092871666,0.9281308650970459
0.1772562712430954,0,10,19560,0.977179229259491,0.9279100298881531,0.00813661515712738,0.9279100298881531
0.0883440226316452,0,11,19646,0.9970703125,0.96875,0.007956252433359623,0.96875
0.17507433891296387,0,11,19746,0.9770234823226929,0.9285272359848022,0.007946389727294445,0.9285272359848022
0.17277805507183075,0,11,19846,0.9778857231140137,0.9297263622283936,0.007936500944197178,0.9297263622283936
0.16904886066913605,0,11,19946,0.978766143321991,0.9324128031730652,0.007926593534648418,0.9324128031730652
0.16879664361476898,0,11,20046,0.9786979556083679,0.9328241944313049,0.00791666004806757,0.9328241944313049
0.1692247837781906,0,11,20146,0.9788777232170105,0.9322604537010193,0.007906703278422356,0.9322604537010193
0.16773976385593414,0,11,20246,0.9792099595069885,0.9324563145637512,0.00789672415703535,0.9324563145637512
0.16784772276878357,0,11,20346,0.9791780710220337,0.9325962662696838,0.00788672175258398,0.9325962662696838
0.1680227518081665,0,11,20446,0.9792124032974243,0.932428240776062,0.00787669699639082,0.932428240776062
0.1675010472536087,0,11,20546,0.9791311025619507,0.9324014782905579,0.007866650819778442,0.9324014782905579
0.16713450849056244,0,11,20646,0.9791882038116455,0.9325674176216125,0.007856580428779125,0.9325674176216125
0.16826122999191284,0,11,20746,0.9788359999656677,0.9318801164627075,0.007846487686038017,0.9318801164627075
0.16971537470817566,0,11,20846,0.9786818027496338,0.9315674304962158,0.007836374454200268,0.9315674304962158
0.16926142573356628,0,11,20946,0.9787182807922363,0.9317832589149475,0.007826237939298153,0.9317832589149475
0.16936452686786652,0,11,21046,0.9786861538887024,0.9319682121276855,0.007816078141331673,0.9319682121276855
0.16907082498073578,0,11,21146,0.9786563515663147,0.9321286082267761,0.0078058987855911255,0.9321286082267761
0.16977337002754211,0,11,21246,0.9785174131393433,0.9317418932914734,0.007795696146786213,0.9317418932914734
0.169292613863945,0,11,21346,0.9786675572395325,0.9318783283233643,0.007785473018884659,0.9318783283233643
0.08618053793907166,0,12,21432,0.9951171875,0.96875,0.007593553047627211,0.96875
0.16474053263664246,0,12,21532,0.9806458353996277,0.9334776997566223,0.007583099417388439,0.9334776997566223
0.1660064160823822,0,12,21632,0.979568600654602,0.9326803684234619,0.007572624832391739,0.9326803684234619
0.16017532348632812,0,12,21732,0.9805619716644287,0.936150312423706,0.007562130223959684,0.936150312423706
0.16211268305778503,0,12,21832,0.9799875020980835,0.9346945285797119,0.007551616057753563,0.9346945285797119
0.16303490102291107,0,12,21932,0.9800610542297363,0.9347555041313171,0.007541080471128225,0.9347555041313171
0.1607539802789688,0,12,22032,0.9805892705917358,0.935784101486206,0.007530526723712683,0.935784101486206
0.16134671866893768,0,12,22132,0.9802184700965881,0.9357168078422546,0.007519950624555349,0.9357168078422546
0.16018711030483246,0,12,22232,0.9804901480674744,0.9355493187904358,0.007509355433285236,0.9355493187904358
0.15914620459079742,0,12,22332,0.9806032180786133,0.9363901019096375,0.0074987406842410564,0.9363901019096375
0.1612715721130371,0,12,22432,0.9802058935165405,0.9352834820747375,0.007488105911761522,0.9352834820747375
0.16233263909816742,0,12,22532,0.9801134467124939,0.9344913959503174,0.007477452978491783,0.9344913959503174
0.163860484957695,0,12,22632,0.979697585105896,0.9340913891792297,0.00746678002178669,0.9340913891792297
0.16356973350048065,0,12,22732,0.9797638654708862,0.934137225151062,0.007456088438630104,0.934137225151062
0.1640738695859909,0,12,22832,0.9796819090843201,0.9336634278297424,0.007445376832038164,0.9336634278297424
0.16401392221450806,0,12,22932,0.9796639084815979,0.933648407459259,0.007434646598994732,0.933648407459259
0.16470740735530853,0,12,23032,0.9794553518295288,0.9334205389022827,0.007423898205161095,0.9334205389022827
0.16554026305675507,0,12,23132,0.979286789894104,0.9331275820732117,0.007413131184875965,0.9331275820732117
0.16938592493534088,0,13,23218,0.962890625,0.96875,0.0072111147455871105,0.96875
0.15513266623020172,0,13,23318,0.9821311831474304,0.9359529614448547,0.007200149819254875,0.9359529614448547
0.1599493771791458,0,13,23418,0.9812421798706055,0.9343905448913574,0.007189167197793722,0.9343905448913574
0.1618642807006836,0,13,23518,0.9802222847938538,0.9335548281669617,0.007178167812526226,0.9335548281669617
0.16399161517620087,0,13,23618,0.9796468019485474,0.9329020977020264,0.007167150266468525,0.9329020977020264
0.16729411482810974,0,13,23718,0.9792012572288513,0.9310753345489502,0.007156116422265768,0.9310753345489502
0.16511373221874237,0,13,23818,0.979684054851532,0.9324043393135071,0.007145065814256668,0.9324043393135071
0.1642707735300064,0,13,23918,0.9797106981277466,0.9325962662696838,0.007133996579796076,0.9325962662696838
0.16338521242141724,0,13,24018,0.9797965884208679,0.9332864880561829,0.007122912909835577,0.9332864880561829
0.16147993505001068,0,13,24118,0.9801754951477051,0.934378445148468,0.007111812476068735,0.934378445148468
0.16159650683403015,0,13,24218,0.9801653623580933,0.9347839951515198,0.007100694812834263,0.9347839951515198
0.16377125680446625,0,13,24318,0.9798097014427185,0.9339804649353027,0.007089562248438597,0.9339804649353027
0.16430841386318207,0,13,24418,0.979668140411377,0.9335189461708069,0.0070784129202365875,0.9335189461708069
0.16397838294506073,0,13,24518,0.979651153087616,0.9338970184326172,0.007067246362566948,0.9338970184326172
0.16328690946102142,0,13,24618,0.9799767136573792,0.9339534044265747,0.007056066300719976,0.9339534044265747
0.16279928386211395,0,13,24718,0.9799479246139526,0.9340856075286865,0.007044868543744087,0.9340856075286865
0.16272655129432678,0,13,24818,0.9799548387527466,0.934045135974884,0.0070336549542844296,0.934045135974884
0.16329875588417053,0,13,24918,0.9798424243927002,0.9340094327926636,0.007022426929324865,0.9340094327926636
0.08713722974061966,0,14,25004,0.9951171875,0.96875,0.006811848841607571,0.96875
0.16318796575069427,0,14,25104,0.9794870615005493,0.9353341460227966,0.006800455506891012,0.9353341460227966
0.16043424606323242,0,14,25204,0.9790288209915161,0.9368780851364136,0.006789049599319696,0.9368780851364136
0.156681090593338,0,14,25304,0.980292022228241,0.9385381937026978,0.006777629721909761,0.9385381937026978
0.15460969507694244,0,14,25404,0.9810240864753723,0.9396041035652161,0.006766194012016058,0.9396041035652161
0.15417779982089996,0,14,25504,0.9811536073684692,0.9392465353012085,0.0067547461949288845,0.9392465353012085
0.15299032628536224,0,14,25604,0.981501042842865,0.9396838545799255,0.006743282079696655,0.9396838545799255
0.15268340706825256,0,14,25704,0.9816388487815857,0.9397289752960205,0.006731805857270956,0.9397289752960205
0.15251222252845764,0,14,25804,0.9816500544548035,0.9396847486495972,0.0067203170619904995,0.9396847486495972
0.15157990157604218,0,14,25904,0.9817904829978943,0.9397891163825989,0.006708814762532711,0.9397891163825989
0.1531142145395279,0,14,26004,0.9813857078552246,0.9393419027328491,0.006697298493236303,0.9393419027328491
0.15396864712238312,0,14,26104,0.9812369346618652,0.938919186592102,0.006685768719762564,0.938919186592102
0.15649349987506866,0,14,26204,0.9807098507881165,0.9378122687339783,0.006674227304756641,0.9378122687339783
0.15541182458400726,0,14,26304,0.98082035779953,0.9385088682174683,0.006662672385573387,0.9385088682174683
0.1564912050962448,0,14,26404,0.9806519746780396,0.9384145140647888,0.006651104893535376,0.9384145140647888
0.15593208372592926,0,14,26504,0.9808403849601746,0.9385617971420288,0.006639525759965181,0.9385617971420288
0.15668129920959473,0,14,26604,0.9807019233703613,0.9382612705230713,0.0066279335878789425,0.9382612705230713
0.15712463855743408,0,14,26704,0.9806013107299805,0.9378674030303955,0.006616328377276659,0.9378674030303955
0.10451455414295197,0,15,26790,0.99609375,0.9375,0.006398793309926987,0.9375
0.14608421921730042,0,15,26890,0.9835128784179688,0.9446163177490234,0.006387059111148119,0.9446163177490234
0.15418624877929688,0,15,26990,0.9814521074295044,0.9395211338996887,0.006375315599143505,0.9395211338996887
0.1512199342250824,0,15,27090,0.9820583462715149,0.9410299062728882,0.006363559048622847,0.9410299062728882
0.15258954465389252,0,15,27190,0.9816992878913879,0.9411627054214478,0.006351795047521591,0.9411627054214478
0.15343120694160461,0,15,27290,0.981600284576416,0.9409930109977722,0.006340019404888153,0.9409930109977722
0.15276311337947845,0,15,27390,0.9816996455192566,0.9412437677383423,0.006328232120722532,0.9412437677383423
0.1525285392999649,0,15,27490,0.9815080165863037,0.9411554932594299,0.006316440645605326,0.9411554932594299
0.1516568511724472,0,15,27590,0.9817361235618591,0.9410892724990845,0.006304630544036627,0.9410892724990845
0.15177065134048462,0,15,27690,0.9817383289337158,0.9408296346664429,0.00629281485453248,0.9408296346664429
0.1525145173072815,0,15,27790,0.9816744327545166,0.9404658079147339,0.0062809837982058525,0.9404658079147339
0.1526598185300827,0,15,27890,0.9816379547119141,0.9404802322387695,0.006269152741879225,0.9404802322387695
0.152526393532753,0,15,27990,0.9816511273384094,0.9403882026672363,0.006257306318730116,0.9403882026672363
0.15244239568710327,0,15,28090,0.981608510017395,0.94052654504776,0.006245448719710112,0.94052654504776
0.15249942243099213,0,15,28190,0.9815835952758789,0.9405781626701355,0.0062335822731256485,0.9405781626701355
0.15150265395641327,0,15,28290,0.9818482398986816,0.9410184621810913,0.0062217083759605885,0.9410184621810913
0.1516270786523819,0,15,28390,0.981848418712616,0.9408377408981323,0.006209828425198793,0.9408377408981323
0.15238651633262634,0,15,28490,0.9816873073577881,0.9407885074615479,0.006197934504598379,0.9407885074615479
0.12270909547805786,0,16,28576,0.99609375,0.9375,0.005975091829895973,0.9375
0.15771031379699707,0,16,28676,0.981731116771698,0.9387376308441162,0.005963106174021959,0.9387376308441162
0.15348446369171143,0,16,28776,0.98210209608078,0.9382773637771606,0.00595111632719636,0.9382773637771606
0.15226514637470245,0,16,28876,0.9819744825363159,0.9390572905540466,0.005939115304499865,0.9390572905540466
0.1505156308412552,0,16,28976,0.9820134043693542,0.9397599697113037,0.005927113816142082,0.9397599697113037
0.15045087039470673,0,16,29076,0.9821593761444092,0.940119743347168,0.005915096960961819,0.940119743347168
0.14803187549114227,0,16,29176,0.982616662979126,0.9410357475280762,0.005903074983507395,0.9410357475280762
0.14723044633865356,0,16,29276,0.98276287317276,0.941779613494873,0.005891043692827225,0.941779613494873
0.14580360054969788,0,16,29376,0.9831258654594421,0.9421426057815552,0.005879008676856756,0.9421426057815552
0.14606010913848877,0,16,29476,0.9830848574638367,0.9420088529586792,0.005866968538612127,0.9420088529586792
0.14725156128406525,0,16,29576,0.9828705191612244,0.9420891404151917,0.005854920018464327,0.9420891404151917
0.14835375547409058,0,16,29676,0.9826637506484985,0.9412465691566467,0.005842864513397217,0.9412465691566467
0.14905035495758057,0,16,29776,0.9824773669242859,0.9410907626152039,0.005830805748701096,0.9410907626152039
0.14839880168437958,0,16,29876,0.9825306534767151,0.941511332988739,0.005818737670779228,0.941511332988739
0.14936837553977966,0,16,29976,0.9824362397193909,0.9409350752830505,0.005806665401905775,0.9409350752830505
0.14879323542118073,0,16,30076,0.9824867248535156,0.9415389895439148,0.005794587545096874,0.9415389895439148
0.14874237775802612,0,16,30176,0.9824730157852173,0.9415599703788757,0.005782503634691238,0.9415599703788757
0.14939159154891968,0,16,30276,0.9823727011680603,0.9410640597343445,0.005770414136350155,0.9410640597343445
0.06761783361434937,0,17,30362,0.9970703125,0.96875,0.005543969571590424,0.96875
0.13376657664775848,0,17,30462,0.9856520891189575,0.9464727640151978,0.0055318246595561504,0.9464727640151978
0.14462436735630035,0,17,30562,0.9827932119369507,0.9434079527854919,0.0055196769535541534,0.9434079527854919
0.14237092435359955,0,17,30662,0.9838131666183472,0.9448712468147278,0.005507523659616709,0.9448712468147278
0.14503519237041473,0,17,30762,0.9833630919456482,0.9421758055686951,0.005495366174727678,0.9421758055686951
0.14649179577827454,0,17,30862,0.9832671284675598,0.9419286251068115,0.005483204964548349,0.9419286251068115
0.1460328996181488,0,17,30962,0.9832893013954163,0.9424396753311157,0.005471040494740009,0.9424396753311157
0.14552757143974304,0,17,31062,0.9833557605743408,0.9428049325942993,0.005458872765302658,0.9428049325942993
0.1439255028963089,0,17,31162,0.983708918094635,0.9435080885887146,0.005446700844913721,0.9435080885887146
0.1426292061805725,0,17,31262,0.9840582013130188,0.9434309005737305,0.00543452613055706,0.9434309005737305
0.14353345334529877,0,17,31362,0.9838431477546692,0.9430569410324097,0.00542234955355525,0.9430569410324097
0.1440264731645584,0,17,31462,0.9837154150009155,0.9430347681045532,0.005410169716924429,0.9430347681045532
0.1439289152622223,0,17,31562,0.9836424589157104,0.9430422782897949,0.005397986155003309,0.9430422782897949
0.14379817247390747,0,17,31662,0.9836033582687378,0.9432167410850525,0.00538580073043704,0.9432167410850525
0.14381961524486542,0,17,31762,0.9837181568145752,0.9434109330177307,0.0053736125119030476,0.9434109330177307
0.1438174545764923,0,17,31862,0.9837008118629456,0.943371057510376,0.005361421499401331,0.943371057510376
0.14424486458301544,0,17,31962,0.9836280345916748,0.9432776570320129,0.005349230021238327,0.9432776570320129
0.14383171498775482,0,17,32062,0.9836800694465637,0.9433788657188416,0.005337035283446312,0.9433788657188416
0.10680818557739258,0,18,32148,0.9951171875,0.96875,0.005108707584440708,0.96875
0.1315242201089859,0,18,32248,0.9852684140205383,0.9501856565475464,0.005096494685858488,0.9501856565475464
0.13681583106517792,0,18,32348,0.9843717813491821,0.9463619589805603,0.005084280855953693,0.9463619589805603
0.13519197702407837,0,18,32448,0.9849286079406738,0.9472591280937195,0.005072067026048899,0.9472591280937195
0.13607026636600494,0,18,32548,0.9842422008514404,0.9464619755744934,0.005059854127466679,0.9464619755744934
0.1391826719045639,0,18,32648,0.983717679977417,0.9459206461906433,0.005047637969255447,0.9459206461906433
0.1387028843164444,0,18,32748,0.9839215874671936,0.9465994238853455,0.005035423208028078,0.9465994238853455
0.13801245391368866,0,18,32848,0.9840895533561707,0.9469953775405884,0.005023207515478134,0.9469953775405884
0.13768886029720306,0,18,32948,0.9841729998588562,0.947253406047821,0.0050109922885894775,0.947253406047821
0.13624787330627441,0,18,33048,0.9844779968261719,0.9478357434272766,0.004998777527362108,0.9478357434272766
0.13715994358062744,0,18,33148,0.9843902587890625,0.947458803653717,0.0049865636974573135,0.947458803653717
0.13757126033306122,0,18,33248,0.9843131303787231,0.9470935463905334,0.004974349867552519,0.9470935463905334
0.13895927369594574,0,18,33348,0.984079122543335,0.9464248418807983,0.004962137900292873,0.9464248418807983
0.1382588893175125,0,18,33448,0.9841612577438354,0.9466035962104797,0.004949925001710653,0.9466035962104797
0.1389770358800888,0,18,33548,0.9840672016143799,0.9459537863731384,0.00493771443143487,0.9459537863731384
0.13884270191192627,0,18,33648,0.9841204285621643,0.9459735155105591,0.004925505258142948,0.9459735155105591
0.13955333828926086,0,18,33748,0.9839808940887451,0.9457565546035767,0.0049132960848510265,0.9457565546035767
0.13956011831760406,0,18,33848,0.9839153289794922,0.9459876418113708,0.004901089705526829,0.9459876418113708
0.09973879158496857,0,19,33934,0.9951171875,0.96875,0.004672618582844734,0.96875
0.13194744288921356,0,19,34034,0.9866734743118286,0.9474009871482849,0.004660430364310741,0.9474009871482849
0.1328941136598587,0,19,34134,0.9856975674629211,0.9465174078941345,0.00464824540540576,0.9465174078941345
0.12871037423610687,0,19,34234,0.9869369864463806,0.9485049843788147,0.004636064171791077,0.9485049843788147
0.12965841591358185,0,19,34334,0.9864947199821472,0.9481764435768127,0.004623884800821543,0.9481764435768127
0.1320897340774536,0,19,34434,0.9860299825668335,0.9474800229072571,0.0046117110177874565,0.9474800229072571
0.1334807574748993,0,19,34534,0.9857841730117798,0.9466513991355896,0.004599538166075945,0.9466513991355896
0.13328899443149567,0,19,34634,0.985740065574646,0.9472182393074036,0.0045873685739934444,0.9472182393074036
0.1327342391014099,0,19,34734,0.985710859298706,0.9476825594902039,0.0045752027072012424,0.9476825594902039
0.1318545639514923,0,19,34834,0.9858035445213318,0.9481825828552246,0.004563040100038052,0.9481825828552246
0.13114814460277557,0,19,34934,0.9859083890914917,0.9487699866294861,0.0045508830808103085,0.9487699866294861
0.13193240761756897,0,19,35034,0.985647439956665,0.9484843611717224,0.004538728389889002,0.9484843611717224
0.13263791799545288,0,19,35134,0.9856619238853455,0.9475957751274109,0.004526578355580568,0.9475957751274109
0.1318540871143341,0,19,35234,0.9858366847038269,0.9477805495262146,0.004514433443546295,0.9477805495262146
0.13251551985740662,0,19,35334,0.9857321381568909,0.9476935863494873,0.004502292722463608,0.9476935863494873
0.13193997740745544,0,19,35434,0.9857820272445679,0.9479513764381409,0.004490156192332506,0.9479513764381409
0.13207945227622986,0,19,35534,0.9856722950935364,0.9480597972869873,0.004478025250136852,0.9480597972869873
0.13279028236865997,0,19,35634,0.9854747653007507,0.9480085372924805,0.004465898964554071,0.9480085372924805
0.053503770381212234,0,20,35720,0.9990234375,0.96875,0.004239020403474569,0.96875
0.1311836540699005,0,20,35820,0.9858071804046631,0.9470915794372559,0.00422695092856884,0.9470915794372559
0.1311711221933365,0,20,35920,0.9857868552207947,0.9458954930305481,0.004214887507259846,0.9458954930305481
0.1296718716621399,0,20,36020,0.9862295389175415,0.9474667906761169,0.004202831536531448,0.9474667906761169
0.1297311633825302,0,20,36120,0.9861494302749634,0.947786808013916,0.004190779756754637,0.947786808013916
0.13120295107364655,0,20,36220,0.9859681725502014,0.9469810128211975,0.004178732633590698,0.9469810128211975
0.12851643562316895,0,20,36320,0.9865581393241882,0.9484192728996277,0.00416669761762023,0.9484192728996277
0.12783458828926086,0,20,36420,0.9865006804466248,0.948778510093689,0.004154662601649761,0.948778510093689
0.12788280844688416,0,20,36520,0.9864292740821838,0.9488139748573303,0.004142639227211475,0.9488139748573303
0.12688282132148743,0,20,36620,0.9866179823875427,0.9491190314292908,0.00413062609732151,0.9491190314292908
0.12733927369117737,0,20,36720,0.9864825010299683,0.9493007063865662,0.004118617624044418,0.9493007063865662
0.12805046141147614,0,20,36820,0.9862815141677856,0.9491938948631287,0.004106616601347923,0.9491938948631287
0.12898066639900208,0,20,36920,0.9860804677009583,0.9487146139144897,0.004094618372619152,0.9487146139144897
0.1285027712583542,0,20,37020,0.9859436750411987,0.9493178129196167,0.0040826317854225636,0.9493178129196167
0.12832485139369965,0,20,37120,0.985998272895813,0.9493442177772522,0.004070654511451721,0.9493442177772522
0.12846939265727997,0,20,37220,0.9859745502471924,0.9491589069366455,0.004058685153722763,0.9491589069366455
0.12851227819919586,0,20,37320,0.9859703779220581,0.9492504596710205,0.004046721383929253,0.9492504596710205
0.12873920798301697,0,20,37420,0.9858516454696655,0.9491842985153198,0.004034764599055052,0.9491842985153198
0.19523920118808746,0,21,37506,0.978515625,0.875,0.0038112145848572254,0.875
0.11825055629014969,0,21,37606,0.9874032139778137,0.9560643434524536,0.0037993534933775663,0.9560643434524536
0.12192867696285248,0,21,37706,0.9871559739112854,0.9524253606796265,0.0037875042762607336,0.9524253606796265
0.12175188213586807,0,21,37806,0.9870760440826416,0.9534883499145508,0.003775662276893854,0.9534883499145508
0.12377786636352539,0,21,37906,0.9864277839660645,0.9519171118736267,0.003763830289244652,0.9519171118736267
0.1268952339887619,0,21,38006,0.9859992861747742,0.9502869248390198,0.003752009943127632,0.9502869248390198
0.1250210702419281,0,21,38106,0.9862943887710571,0.9511231184005737,0.0037401989102363586,0.9511231184005737
0.12523578107357025,0,21,38206,0.986467182636261,0.9514086842536926,0.003728399984538555,0.9514086842536926
0.12453019618988037,0,21,38306,0.9865928888320923,0.951896071434021,0.003716610139235854,0.951896071434021
0.12382492423057556,0,21,38406,0.9866368770599365,0.9519630670547485,0.0037048300728201866,0.9519630670547485
0.12432610988616943,0,21,38506,0.9863377809524536,0.952079176902771,0.0036930604837834835,0.952079176902771
0.12513455748558044,0,21,38606,0.9861917495727539,0.9519187211990356,0.003681304631754756,0.9519187211990356
0.1252700239419937,0,21,38706,0.98618483543396,0.9515507817268372,0.0036695576272904873,0.9515507817268372
0.12441600114107132,0,21,38806,0.9862233996391296,0.9522963166236877,0.003657821798697114,0.9522963166236877
0.12516474723815918,0,21,38906,0.9861612319946289,0.9520878195762634,0.003646097145974636,0.9520878195762634
0.1242973804473877,0,21,39006,0.9863721132278442,0.9521569013595581,0.0036343836691230536,0.9521569013595581
0.12413106113672256,0,21,39106,0.9864280223846436,0.9521978497505188,0.0036226820666342974,0.9521978497505188
0.12387365847826004,0,21,39206,0.9864492416381836,0.9521421194076538,0.003610992105677724,0.9521421194076538
0.12848255038261414,0,22,39292,0.994140625,0.9375,0.0033924554008990526,0.9375
0.1270887851715088,0,22,39392,0.9865494966506958,0.9532796740531921,0.003380895359441638,0.9532796740531921
0.12554407119750977,0,22,39492,0.9866981506347656,0.9530472755432129,0.003369347658008337,0.9530472755432129
0.12107869237661362,0,22,39592,0.9875181317329407,0.9553571343421936,0.0033578132279217243,0.9553571343421936
0.12095154821872711,0,22,39692,0.9871003031730652,0.9546446204185486,0.0033462918363511562,0.9546446204185486
0.1235339343547821,0,22,39792,0.9863844513893127,0.9538423418998718,0.0033347844146192074,0.9538423418998718
0.12264978885650635,0,22,39892,0.9866048693656921,0.9536189436912537,0.0033232897985726595,0.9536189436912537
0.12164126336574554,0,22,39992,0.9868540167808533,0.9538605809211731,0.003311808919534087,0.9538605809211731
0.1216745376586914,0,22,40092,0.986706554889679,0.9539638161659241,0.003300342010334134,0.9539638161659241
0.12071475386619568,0,22,40192,0.9868383407592773,0.9546337127685547,0.0032888881396502256,0.9546337127685547
0.12127222865819931,0,22,40292,0.9867134094238281,0.9541395902633667,0.0032774496357887983,0.9541395902633667
0.12188775837421417,0,22,40392,0.9866654276847839,0.9535649418830872,0.003266025334596634,0.9535649418830872
0.12170291692018509,0,22,40492,0.986738920211792,0.9537104368209839,0.003254614770412445,0.9537104368209839
0.12070521712303162,0,22,40592,0.9868220686912537,0.9540978074073792,0.0032432186417281628,0.9540978074073792
0.12079383432865143,0,22,40692,0.9868683815002441,0.9541398882865906,0.0032318378798663616,0.9541398882865906
0.12063875049352646,0,22,40792,0.9868196845054626,0.9543012976646423,0.0032204703893512487,0.9543012976646423
0.12086214125156403,0,22,40892,0.9867945313453674,0.9541497230529785,0.0032091184984892607,0.9541497230529785
0.12124721705913544,0,22,40992,0.9867399334907532,0.9538690447807312,0.0031977815087884665,0.9538690447807312
0.03813689947128296,0,23,41078,1.0,1.0,0.0029859307687729597,1.0
0.12180514633655548,0,23,41178,0.9853471517562866,0.9517326951026917,0.0029747607186436653,0.9517326951026917
0.12345477193593979,0,23,41278,0.9862117767333984,0.9514925479888916,0.0029636032413691282,0.9514925479888916
0.12380195409059525,0,23,41378,0.9862957000732422,0.952450156211853,0.002952463226392865,0.952450156211853
0.1199759691953659,0,23,41478,0.9870173335075378,0.9541770815849304,0.0029413397423923016,0.9541770815849304
0.12094587087631226,0,23,41578,0.9866265654563904,0.9541541934013367,0.0029302320908755064,0.9541541934013367
0.11875081807374954,0,23,41678,0.987251341342926,0.9541909098625183,0.0029191419016569853,0.9541909098625183
0.11651715636253357,0,23,41778,0.9876450300216675,0.9550641775131226,0.002908068709075451,0.9550641775131226
0.11674109846353531,0,23,41878,0.9877198338508606,0.9547050595283508,0.0028970125131309032,0.9547050595283508
0.11660419404506683,0,23,41978,0.9877542853355408,0.954668402671814,0.0028859730809926987,0.954668402671814
0.11688844859600067,0,23,42078,0.9876752495765686,0.9547951817512512,0.002874950412660837,0.9547951817512512
0.11781097948551178,0,23,42178,0.9874653816223145,0.9546151161193848,0.0028639454394578934,0.9546151161193848
0.11840526759624481,0,23,42278,0.9873172044754028,0.9542048573493958,0.0028529579285532236,0.9542048573493958
0.11730002611875534,0,23,42378,0.9874193072319031,0.9548424482345581,0.002841988345608115,0.9548424482345581
0.11817193776369095,0,23,42478,0.9872041940689087,0.9548760056495667,0.002831036224961281,0.9548760056495667
0.11748170852661133,0,23,42578,0.9874179363250732,0.9550091624259949,0.002820102032274008,0.9550091624259949
0.11784806102514267,0,23,42678,0.9873594641685486,0.9548915028572083,0.0028091860003769398,0.9548915028572083
0.11749257147312164,0,23,42778,0.9874973893165588,0.954842746257782,0.002798287896439433,0.954842746257782
0.12276630103588104,0,24,42864,0.9912109375,0.90625,0.0025947343092411757,0.90625
0.10817411541938782,0,24,42964,0.9891259670257568,0.9607054591178894,0.002584034577012062,0.9607054591178894
0.10862590372562408,0,24,43064,0.9889408349990845,0.9581778645515442,0.002573354635387659,0.9581778645515442
0.10856804251670837,0,24,43164,0.9888300895690918,0.959198534488678,0.0025626944843679667,0.959198534488678
0.11148444563150406,0,24,43264,0.9879552721977234,0.9579176902770996,0.0025520529597997665,0.9579176902770996
0.11150451004505157,0,24,43364,0.9883357882499695,0.9570234417915344,0.0025414314586669207,0.9570234417915344
0.11038364470005035,0,24,43464,0.9886557459831238,0.9574147462844849,0.0025308297481387854,0.9574147462844849
0.11011334508657455,0,24,43564,0.9887496829032898,0.9577835202217102,0.002520247595384717,0.9577835202217102
0.10970138758420944,0,24,43664,0.9887563586235046,0.9576700925827026,0.002509685233235359,0.9576700925827026
0.11007336527109146,0,24,43764,0.9885310530662537,0.9576165080070496,0.0024991438258439302,0.9576165080070496
0.11002472043037415,0,24,43864,0.9886255264282227,0.9579795002937317,0.0024886219762265682,0.9579795002937317
0.1113416776061058,0,24,43964,0.9884051084518433,0.9571980237960815,0.002478121081367135,0.9571980237960815
0.11117681115865707,0,24,44064,0.9884110689163208,0.9573272466659546,0.0024676404427736998,0.9573272466659546
0.11045142263174057,0,24,44164,0.9884210824966431,0.9575086236000061,0.002457180293276906,0.9575086236000061
0.11153876036405563,0,24,44264,0.9883297681808472,0.9571734666824341,0.002446741098538041,0.9571734666824341
0.11145934462547302,0,24,44364,0.9883573055267334,0.9570286273956299,0.0024363230913877487,0.9570286273956299
0.1117345467209816,0,24,44464,0.9882892370223999,0.9569995403289795,0.0024259258061647415,0.9569995403289795
0.11169707030057907,0,24,44564,0.9883076548576355,0.9568819999694824,0.002415549010038376,0.9568819999694824
0.15357385575771332,0,25,44650,0.9638671875,0.9375,0.0022218439262360334,0.9375
0.10609665513038635,0,25,44750,0.9890498518943787,0.9538984894752502,0.0022116987966001034,0.9538984894752502
0.11545248329639435,0,25,44850,0.9875708818435669,0.9533582329750061,0.0022015757858753204,0.9533582329750061
0.11424985527992249,0,25,44950,0.9882085919380188,0.9546303749084473,0.002191475359722972,0.9546303749084473
0.1114334687590599,0,25,45050,0.9887084364891052,0.9567487239837646,0.002181397518143058,0.9567487239837646
0.11139662563800812,0,25,45150,0.9888551831245422,0.9569610953330994,0.0021713420283049345,0.9569610953330994
0.10971307009458542,0,25,45250,0.9892309904098511,0.9572067260742188,0.0021613091230392456,0.9572067260742188
0.10846519470214844,0,25,45350,0.9892972111701965,0.9572039842605591,0.0021513004321604967,0.9572039842605591
0.10816244781017303,0,25,45450,0.9892891645431519,0.9575140476226807,0.002141313161700964,0.9575140476226807
0.10778581351041794,0,25,45550,0.989316999912262,0.9574778079986572,0.0021313494071364403,0.9574778079986572
0.10751944035291672,0,25,45650,0.9893329739570618,0.9580419659614563,0.002121408237144351,0.9580419659614563
0.10810816287994385,0,25,45750,0.9892196655273438,0.958049476146698,0.002111491048708558,0.958049476146698
0.1090216338634491,0,25,45850,0.9890987277030945,0.9577175378799438,0.002101597376167774,0.9577175378799438
0.10866637527942657,0,25,45950,0.9890610575675964,0.9579650163650513,0.0020917269866913557,0.9579650163650513
0.10811903327703476,0,25,46050,0.9891411662101746,0.9581549167633057,0.0020818801131099463,0.9581549167633057
0.10798310488462448,0,25,46150,0.9891008734703064,0.9581945538520813,0.002072057221084833,0.9581945538520813
0.10840628296136856,0,25,46250,0.9889454245567322,0.9580925703048706,0.0020622580777853727,0.9580925703048706
0.10898391157388687,0,25,46350,0.9888035655021667,0.9579291343688965,0.0020524829160422087,0.9579291343688965
0.020429618656635284,0,26,46436,1.0,1.0,0.0018700965447351336,1.0
0.10466472804546356,0,26,46536,0.9898688197135925,0.9597772359848022,0.0018605832010507584,0.9597772359848022
0.1105969175696373,0,26,46636,0.9882986545562744,0.9572450518608093,0.0018510948866605759,0.9572450518608093
0.10913601517677307,0,26,46736,0.9884403347969055,0.9590947031974792,0.001841631019487977,0.9590947031974792
0.10884936898946762,0,26,46836,0.9885453581809998,0.9581515192985535,0.0018321932293474674,0.9581515192985535
0.10997002571821213,0,26,46936,0.988426148891449,0.9582709670066833,0.0018227807013317943,0.9582709670066833
0.10841259360313416,0,26,47036,0.9886590838432312,0.9591306447982788,0.0018133934354409575,0.9591306447982788
0.10720761120319366,0,26,47136,0.9889453053474426,0.9592100381851196,0.0018040317809209228,0.9592100381851196
0.1083645224571228,0,26,47236,0.9888056516647339,0.9589185118675232,0.0017946958541870117,0.9589185118675232
0.10724417865276337,0,26,47336,0.9891687035560608,0.9590732455253601,0.001785385888069868,0.9590732455253601
0.10743678361177444,0,26,47436,0.9891430139541626,0.9592595100402832,0.0017761014169082046,0.9592595100402832
0.10837310552597046,0,26,47536,0.9888484477996826,0.9589009881019592,0.0017668433720245957,0.9589009881019592
0.10851777344942093,0,26,47636,0.9889398217201233,0.958628237247467,0.0017576114041730762,0.958628237247467
0.10787154734134674,0,26,47736,0.9889422655105591,0.9588057398796082,0.0017484055133536458,0.9588057398796082
0.10794058442115784,0,26,47836,0.9888743758201599,0.9588463306427002,0.0017392260488122702,0.9588463306427002
0.10729774832725525,0,26,47936,0.989025890827179,0.9590064883232117,0.0017300727777183056,0.9590064883232117
0.10777273774147034,0,26,48036,0.9890184998512268,0.9586976766586304,0.0017209461657330394,0.9586976766586304
0.10793400555849075,0,26,48136,0.9889880418777466,0.9587191343307495,0.0017118463292717934,0.9587191343307495
0.08126959204673767,0,27,48222,0.9951171875,0.96875,0.0015421697171404958,0.96875
0.09701333940029144,0,27,48322,0.9908326864242554,0.9619430899620056,0.0015333602204918861,0.9619430899620056
0.10336188226938248,0,27,48422,0.9900335073471069,0.9586442708969116,0.0015245783142745495,0.9586442708969116
0.10148389637470245,0,27,48522,0.9901109337806702,0.9606519937515259,0.0015158242313191295,0.9606519937515259
0.10374464839696884,0,27,48622,0.989407479763031,0.9597880244255066,0.0015070977387949824,0.9597880244255066
0.1040666326880455,0,27,48722,0.989649772644043,0.9593313336372375,0.0014983994187787175,0.9593313336372375
0.10333266109228134,0,27,48822,0.9895160794258118,0.9602745175361633,0.001489729154855013,0.9602745175361633
0.10384052246809006,0,27,48922,0.9893665313720703,0.9602353572845459,0.0014810869470238686,0.9602353572845459
0.10342323780059814,0,27,49022,0.9893582463264465,0.9600889682769775,0.0014724730281159282,0.9600889682769775
0.10290341079235077,0,27,49122,0.9894093871116638,0.9601137638092041,0.0014638875145465136,0.9601137638092041
0.1028728261590004,0,27,49222,0.9894084334373474,0.9604458212852478,0.0014553305227309465,0.9604458212852478
0.10333633422851562,0,27,49322,0.9892073273658752,0.9604337215423584,0.0014468018198385835,0.9604337215423584
0.10421774536371231,0,27,49422,0.989100456237793,0.960163414478302,0.0014383021043613553,0.960163414478302
0.1041550263762474,0,27,49522,0.989055871963501,0.9604631066322327,0.0014298309106379747,0.9604631066322327
0.10431679338216782,0,27,49622,0.9890353083610535,0.9604969620704651,0.0014213885879144073,0.9604969620704651
0.10448162257671356,0,27,49722,0.9890243411064148,0.9603181481361389,0.0014129753690212965,0.9603181481361389
0.10443676263093948,0,27,49822,0.9890467524528503,0.9602982401847839,0.0014045911375433207,0.9602982401847839
0.10488111525774002,0,27,49922,0.9889063835144043,0.9600235223770142,0.0013962361263111234,0.9600235223770142
0.1355704963207245,0,28,50008,0.9912109375,0.96875,0.0012405591551214457,0.96875
0.10773104429244995,0,28,50108,0.9900549054145813,0.9573019742965698,0.0012325207935646176,0.9573019742965698
0.10677344352006912,0,28,50208,0.9890763759613037,0.9575559496879578,0.001224512467160821,0.9575559496879578
0.10503140091896057,0,28,50308,0.9897377490997314,0.9587832093238831,0.001216534641571343,0.9587832093238831
0.10284029692411423,0,28,50408,0.9898874759674072,0.9597101211547852,0.0012085865018889308,0.9597101211547852
0.10286428034305573,0,28,50508,0.9898892045021057,0.9595808386802673,0.0012006687466055155,0.9595808386802673
0.10132729262113571,0,28,50608,0.9902473092079163,0.9603265523910522,0.0011927810264751315,0.9603265523910522
0.09979446232318878,0,28,50708,0.9904717206954956,0.960681140422821,0.0011849243892356753,0.960681140422821
0.09912608563899994,0,28,50808,0.9905595183372498,0.9609862565994263,0.0011770980199798942,0.9609862565994263
0.09881940484046936,0,28,50908,0.9905463457107544,0.9612236618995667,0.0011693023843690753,0.9612236618995667
0.09866686910390854,0,28,51008,0.9903911352157593,0.9613823890686035,0.0011615375988185406,0.9613823890686035
0.09861590713262558,0,28,51108,0.9903146028518677,0.9615690112113953,0.0011538033140823245,0.9615690112113953
0.09927943348884583,0,28,51208,0.9901896715164185,0.961178183555603,0.0011461001122370362,0.961178183555603
0.09857706725597382,0,28,51308,0.9903162717819214,0.9615920186042786,0.0011384281096979976,0.9615920186042786
0.09953824430704117,0,28,51408,0.9901078939437866,0.9612330198287964,0.0011307871900498867,0.9612330198287964
0.09886171668767929,0,28,51508,0.9902252554893494,0.9616714119911194,0.0011231774697080255,0.9616714119911194
0.0988427922129631,0,28,51608,0.9901897311210632,0.9619768857955933,0.0011155990650877357,0.9619768857955933
0.09864514321088791,0,28,51708,0.9901900291442871,0.9620627760887146,0.0011080519761890173,0.9620627760887146
0.11315549165010452,0,29,51794,0.994140625,0.9375,0.0009675603942014277,0.9375
0.09278806298971176,0,29,51894,0.990967333316803,0.9644182920455933,0.000960353878326714,0.9644182920455933
0.09768760949373245,0,29,51994,0.9902248978614807,0.9637748599052429,0.0009531799587421119,0.9637748599052429
0.0947267934679985,0,29,52094,0.9906488656997681,0.9649086594581604,0.0009460381115786731,0.9649086594581604
0.0958426296710968,0,29,52194,0.9906796216964722,0.963606595993042,0.0009389286860823631,0.963606595993042
0.09550222754478455,0,29,52294,0.9907271265983582,0.9635104537010193,0.0009318517404608428,0.9635104537010193
0.09565161913633347,0,29,52394,0.990681529045105,0.9633943438529968,0.0009248070418834686,0.9633943438529968
0.09541739523410797,0,29,52494,0.990859866142273,0.9632667899131775,0.0009177952306345105,0.9632667899131775
0.09620888531208038,0,29,52594,0.9907576441764832,0.9629759788513184,0.0009108161320909858,0.9629759788513184
0.09522809088230133,0,29,52694,0.9910483360290527,0.9633046388626099,0.0009038696880452335,0.9633046388626099
0.09550812840461731,0,29,52794,0.9909956455230713,0.9630681872367859,0.0008969561895355582,0.9630681872367859
0.0960131362080574,0,29,52894,0.9906654357910156,0.9629881978034973,0.0008900757529772818,0.9629881978034973
0.09618636965751648,0,29,52994,0.9907546639442444,0.9628174304962158,0.0008832282037474215,0.9628174304962158
0.09610670059919357,0,29,53094,0.9906578660011292,0.9629852175712585,0.0008764134836383164,0.9629852175712585
0.0962982252240181,0,29,53194,0.9906297922134399,0.9631736278533936,0.0008696321747265756,0.9631736278533936
0.09612195193767548,0,29,53294,0.9906837940216064,0.9631912112236023,0.0008628839859738946,0.9631912112236023
0.09633039683103561,0,29,53394,0.9906684756278992,0.9631870985031128,0.0008561692084185779,0.9631870985031128
0.09621959179639816,0,29,53494,0.9906032085418701,0.9634222388267517,0.0008494880166836083,0.9634222388267517
0.09938140958547592,0,30,53580,0.9951171875,0.96875,0.0007252505165524781,0.96875
0.09694342315196991,0,30,53680,0.9898305535316467,0.9650371074676514,0.0007189312600530684,0.9650371074676514
0.09721674025058746,0,30,53780,0.9900161027908325,0.9642412662506104,0.0007126462296582758,0.9642412662506104
0.09915927052497864,0,30,53880,0.9898004531860352,0.9627283811569214,0.0007063953671604395,0.9627283811569214
0.0954415500164032,0,30,53980,0.9905335307121277,0.9632948637008667,0.0007001786725595593,0.9632948637008667
0.09594070911407471,0,30,54080,0.9904011487960815,0.9632609486579895,0.0006939963786862791,0.9632609486579895
0.09721864759922028,0,30,54180,0.990258514881134,0.9631343483924866,0.0006878484855405986,0.9631343483924866
0.09572408348321915,0,30,54280,0.9905952215194702,0.9637571573257446,0.0006817349931225181,0.9637571573257446
0.09677044302225113,0,30,54380,0.9904146194458008,0.9637172222137451,0.0006756570655852556,0.9637172222137451
0.09504339843988419,0,30,54480,0.9907360672950745,0.9644145369529724,0.0006696125492453575,0.9644145369529724
0.09597934782505035,0,30,54580,0.990584135055542,0.9640047550201416,0.0006636028410866857,0.9640047550201416
0.09594464302062988,0,30,54680,0.990517795085907,0.9642086625099182,0.0006576278246939182,0.9642086625099182
0.09552590548992157,0,30,54780,0.9907057285308838,0.9643005728721619,0.0006516878493130207,0.9643005728721619
0.0950801819562912,0,30,54880,0.9906581044197083,0.9648347496986389,0.0006457826239056885,0.9648347496986389
0.095498226583004,0,30,54980,0.9905253052711487,0.9646680951118469,0.0006399124395102262,0.9646680951118469
0.09496346861124039,0,30,55080,0.9906322956085205,0.9646902084350586,0.000634077237918973,0.9646902084350586
0.09481494128704071,0,30,55180,0.9906732439994812,0.9646314978599548,0.0006282771937549114,0.9646314978599548
0.09451273083686829,0,30,55280,0.9906993508338928,0.9647266268730164,0.0006225123070180416,0.9647266268730164
0.09627878665924072,0,31,55366,0.99609375,0.9375,0.0005154743557795882,0.9375
0.09161819517612457,0,31,55466,0.9891937971115112,0.9696782231330872,0.0005100900307297707,0.9696782231330872
0.09427980333566666,0,31,55566,0.9902406334877014,0.9670398235321045,0.0005047417944297194,0.9670398235321045
0.09623464941978455,0,31,55666,0.9902697205543518,0.9648048281669617,0.0004994294140487909,0.9648048281669617
0.09430017322301865,0,31,55766,0.9905968308448792,0.9649314284324646,0.0004941527731716633,0.9649314284324646
0.09519315510988235,0,31,55866,0.9900690913200378,0.964820384979248,0.0004889122792519629,0.964820384979248
0.09392626583576202,0,31,55966,0.9903920888900757,0.9648502469062805,0.0004837076994590461,0.9648502469062805
0.09354665130376816,0,31,56066,0.9905353784561157,0.9647824764251709,0.00047853912110440433,0.9647824764251709
0.09275951236486435,0,31,56166,0.9905111789703369,0.9650437235832214,0.00047340677701868117,0.9650437235832214
0.09246784448623657,0,31,56266,0.9906782507896423,0.9650735259056091,0.00046831057989038527,0.9650735259056091
0.09274763613939285,0,31,56366,0.990586519241333,0.964910089969635,0.0004632507043424994,0.964910089969635
0.09312771260738373,0,31,56466,0.9904837608337402,0.964747965335846,0.00045822709216736257,0.964747965335846
0.09371080994606018,0,31,56566,0.9904824495315552,0.9642745852470398,0.0004532398306764662,0.9642745852470398
0.09290982782840729,0,31,56666,0.990632951259613,0.9645465016365051,0.0004482890071813017,0.9645465016365051
0.09336777776479721,0,31,56766,0.9905604124069214,0.9642443060874939,0.0004433746507856995,0.9642443060874939
0.09322578459978104,0,31,56866,0.9906558990478516,0.9641905426979065,0.00043849679059349,0.9641905426979065
0.09339354932308197,0,31,56966,0.9905825257301331,0.9642020463943481,0.0004336555430199951,0.9642020463943481
0.09345044940710068,0,31,57066,0.9906400442123413,0.9641387462615967,0.00042885090806521475,0.9641387462615967
0.09276814758777618,0,32,57152,0.99609375,0.9375,0.00033982782042585313,0.9375
0.0933101549744606,0,32,57252,0.9911981821060181,0.9656559228897095,0.0003354198415763676,0.9656559228897095
0.09668515622615814,0,32,57352,0.9904981255531311,0.9634639024734497,0.00033104917383752763,0.9634639024734497
0.09372556209564209,0,32,57452,0.9910700917243958,0.9648048281669617,0.00032671575900167227,0.9648048281669617
0.09208285063505173,0,32,57552,0.9913790822029114,0.965009331703186,0.00032241950975731015,0.965009331703186
0.0915491059422493,0,32,57652,0.9914004802703857,0.965194582939148,0.00031816051341593266,0.965194582939148
0.09011361002922058,0,32,57752,0.9916496872901917,0.9654222130775452,0.0003139389446005225,0.9654222130775452
0.09026448428630829,0,32,57852,0.9914774298667908,0.9654065370559692,0.00030975465779192746,0.9654065370559692
0.08968660235404968,0,32,57952,0.9916391968727112,0.9658239483833313,0.0003056078858207911,0.9658239483833313
0.08940699696540833,0,32,58052,0.9916812777519226,0.965871274471283,0.00030149854137562215,0.965871274471283
0.0896834209561348,0,32,58152,0.9915470480918884,0.9659402966499329,0.0002974268572870642,0.9659402966499329
0.09037501364946365,0,32,58252,0.9913527965545654,0.9654859304428101,0.00029339262982830405,0.9654859304428101
0.09079550206661224,0,32,58352,0.9912182688713074,0.9651592373847961,0.0002893960918299854,0.9651592373847961
0.09037824720144272,0,32,58452,0.9912066459655762,0.9654592871665955,0.00028543712687678635,0.9654592871665955
0.0900629311800003,0,32,58552,0.9913054704666138,0.9656495451927185,0.000281516055110842,0.9656495451927185
0.09029853343963623,0,32,58652,0.9912649393081665,0.965772807598114,0.000277632731013,0.965772807598114
0.09051400423049927,0,32,58752,0.9912229180335999,0.9655879139900208,0.0002737871836870909,0.9655879139900208
0.0905895009636879,0,32,58852,0.9911799430847168,0.9654431343078613,0.0002699795295484364,0.9654431343078613
0.0477345772087574,0,33,58938,1.0,1.0,0.00019964785315096378,1.0
0.08915918320417404,0,33,59038,0.9926039576530457,0.9634901285171509,0.00019624999549705535,0.9634901285171509
0.09211594611406326,0,33,59138,0.9913192987442017,0.9637748599052429,0.00019289004558231682,0.9637748599052429
0.08812271058559418,0,33,59238,0.9918823838233948,0.9661544561386108,0.0001895684254122898,0.9661544561386108
0.08751466125249863,0,33,59338,0.9919556379318237,0.9661003947257996,0.00018628507677931339,0.9661003947257996
0.08783333003520966,0,33,59438,0.9919328093528748,0.9662550091743469,0.00018304014520253986,0.9662550091743469
0.08782575279474258,0,33,59538,0.9919664859771729,0.966150164604187,0.00017983363068196923,0.966150164604187
0.0877799242734909,0,33,59638,0.9916852712631226,0.9664318561553955,0.00017666550411377102,0.9664318561553955
0.08652304857969284,0,33,59738,0.9918647408485413,0.9668773412704468,0.00017353576549794525,0.9668773412704468
0.08598075062036514,0,33,59838,0.9919825792312622,0.9672932624816895,0.00017044464766513556,0.9672932624816895
0.08645326644182205,0,33,59938,0.991988480091095,0.9670953750610352,0.0001673920633038506,0.9670953750610352
0.08738110214471817,0,33,60038,0.9917860627174377,0.9668199419975281,0.0001643780997255817,0.9668199419975281
0.08799519389867783,0,33,60138,0.9917711615562439,0.9663041234016418,0.00016140272782649845,0.9663041234016418
0.08790186047554016,0,33,60238,0.9916999340057373,0.9665161371231079,0.00015846602036617696,0.9665161371231079
0.088302843272686,0,33,60338,0.9916495084762573,0.9663187265396118,0.00015556797734461725,0.9663187265396118
0.08875390887260437,0,33,60438,0.9915830492973328,0.9661475419998169,0.00015270868607331067,0.9661475419998169
0.08883514255285263,0,33,60538,0.9915982484817505,0.9658806920051575,0.000149888132000342,0.9658806920051575
0.08853502571582794,0,33,60638,0.9916811585426331,0.9661412239074707,0.0001471063878852874,0.9661412239074707
0.19332841038703918,0,34,60724,0.958984375,0.90625,9.600193152436987e-05,0.90625
0.09120125323534012,0,34,60824,0.9908350110054016,0.9656559228897095,9.363940625917166e-05,0.9656559228897095
0.09236910939216614,0,34,60924,0.9899294972419739,0.9639303684234619,9.131587285082787e-05,0.9639303684234619
0.09022379666566849,0,34,61024,0.9909661412239075,0.9651162624359131,8.903144771466032e-05,0.9651162624359131
0.08881212770938873,0,34,61124,0.9913325905799866,0.9657886624336243,8.678608719492331e-05,0.9657886624336243
0.08947106450796127,0,34,61224,0.9912165403366089,0.9659430980682373,8.4579864051193e-05,0.9659430980682373
0.0885767862200737,0,34,61324,0.991317629814148,0.9662021398544312,8.241281466325745e-05,0.9662021398544312
0.0891045555472374,0,34,61424,0.9912326335906982,0.9663427472114563,8.028494630707428e-05,0.9663427472114563
0.08891293406486511,0,34,61524,0.9910829663276672,0.9665652513504028,7.819628808647394e-05,0.9665652513504028
0.0877174660563469,0,34,61624,0.9914216995239258,0.9669811129570007,7.614685455337167e-05,0.9669811129570007
0.08770532160997391,0,34,61724,0.9915254712104797,0.9669705033302307,7.413666025968269e-05,0.9669705033302307
0.08790367841720581,0,34,61824,0.9914320111274719,0.9670186042785645,7.216578524094075e-05,0.9670186042785645
0.08918100595474243,0,34,61924,0.9912182688713074,0.9663301706314087,7.023423677310348e-05,0.9663301706314087
0.08874016255140305,0,34,62024,0.9912315607070923,0.9665881991386414,6.834200758021325e-05,0.9665881991386414
0.08885586261749268,0,34,62124,0.9912270903587341,0.9666532874107361,6.648910493822768e-05,0.9666532874107361
0.08868531882762909,0,34,62224,0.9912866353988647,0.9665848016738892,6.467557977885008e-05,0.9665848016738892
0.08891439437866211,0,34,62324,0.9912477731704712,0.9666224122047424,6.290149030974135e-05,0.9666224122047424
0.08875016868114471,0,34,62424,0.9912586808204651,0.9666923880577087,6.116675649536774e-05,0.9666923880577087
0.007699011825025082,0,35,62510,1.0,1.0,2.9678352802875452e-05,1.0
0.08504798263311386,0,35,62610,0.9926439523696899,0.9678217768669128,2.83693298115395e-05,0.9678217768669128
0.08734944462776184,0,35,62710,0.9917863607406616,0.9667288661003113,2.7099809813080356e-05,0.9667288661003113
0.08710673451423645,0,35,62810,0.9916631579399109,0.966465950012207,2.5869880118989386e-05,0.966465950012207
0.08821092545986176,0,35,62910,0.9915137887001038,0.9662562608718872,2.4679551643203013e-05,0.9662562608718872
0.08879004418849945,0,35,63010,0.9913979768753052,0.9665668606758118,2.3528838937636465e-05,0.9665668606758118
0.08800595998764038,0,35,63110,0.9914127588272095,0.9669821262359619,2.2417758373194374e-05,0.9669821262359619
0.0875319391489029,0,35,63210,0.9914354681968689,0.9673234820365906,2.1346322682802565e-05,0.9673234820365906
0.08711016178131104,0,35,63310,0.9914215207099915,0.9676966071128845,2.0314533685450442e-05,0.9676966071128845
0.08626901358366013,0,35,63410,0.9916447997093201,0.9677788615226746,1.9322402295074426e-05,0.9677788615226746
0.08642124384641647,0,35,63510,0.9916266202926636,0.967782199382782,1.836994124460034e-05,0.967782199382782
0.08736709505319595,0,35,63610,0.9915043711662292,0.967330813407898,1.7457170542911626e-05,0.967330813407898
0.08757645636796951,0,35,63710,0.9915532469749451,0.9670066833496094,1.6584084733040072e-05,0.9670066833496094
0.0877474769949913,0,35,63810,0.9915091395378113,0.9672127366065979,1.5750714737805538e-05,0.9672127366065979
0.08822023868560791,0,35,63910,0.9914911985397339,0.9670102000236511,1.495705873821862e-05,0.9670102000236511
0.08816221356391907,0,35,64010,0.9915408492088318,0.9669803380966187,1.4203118553268723e-05,0.9669803380966187
0.08851871639490128,0,35,64110,0.9915021657943726,0.9668176174163818,1.3488909644365776e-05,0.9668176174163818
0.08906552195549011,0,35,64210,0.9914262890815735,0.9663617014884949,1.2814439287467394e-05,0.9663617014884949
