box,cls,model,total,training,step,mode
0.008874191,0.5594173,1.0031264,2.402513,2.402513,1000,train
0.0063048173,0.4027906,0.71803164,1.8696796,1.8696796,2000,train
0.005890492,0.39212716,0.6866515,1.6434287,1.6434287,3000,train
0.005073683,0.33972412,0.5934082,1.3757677,1.3757677,4000,train
0.0047464957,0.32512513,0.56244946,1.204966,1.204966,5000,train
0.0045087016,0.31115845,0.53659356,1.0881662,1.0881662,6000,train
0.0042217514,0.2938865,0.50497407,0.9764535,0.9764535,7000,train
0.004368525,0.30881736,0.52724385,0.92475206,0.92475206,8000,train
0.0044424874,0.3218658,0.54399014,0.9129962,0.9129962,9000,train
0.0042800508,0.2968288,0.5108315,0.85146475,0.85146475,10000,train
0.0039326036,0.27579585,0.4724261,0.771283,0.771283,11000,train
0.0037498646,0.2657614,0.45325428,0.7056981,0.7056981,12000,train
0.0035601263,0.25488275,0.43288922,0.6500444,0.6500444,13000,train
0.0035510156,0.25279346,0.43034407,0.62035304,0.62035304,14000,train
0.00338901,0.24408829,0.41353878,0.5833046,0.5833046,15000,train
0.0028808916,0.21653529,0.3605797,0.52050066,0.52050066,16000,train
0.0026375235,0.20317285,0.33504888,0.4914361,0.4914361,17000,train
0.0025856819,0.20014937,0.32943347,0.48239142,0.48239142,18000,train
0.0025136275,0.19643787,0.32211882,0.47175202,0.47175202,19000,train
0.002516693,0.19588071,0.3217153,0.4681341,0.4681341,20000,train
0.0024010045,0.19028962,0.31033984,0.4544293,0.4544293,21000,train
0.0023856517,0.18728028,0.3065633,0.44918802,0.44918802,22000,train
0.0023476698,0.18578054,0.30316406,0.44434437,0.44434437,23000,train
0.00230693,0.18435793,0.2997044,0.43945795,0.43945795,24000,train
0.0023521692,0.18634412,0.3039525,0.44229922,0.44229922,25000,train
0.0023161406,0.1825156,0.29832253,0.43528354,0.43528354,26000,train
0.0022473459,0.18158306,0.29395047,0.42954496,0.42954496,27000,train
0.0022215697,0.17698492,0.2880635,0.4223089,0.4223089,28000,train
0.0022482383,0.17919885,0.2916108,0.42452386,0.42452386,29000,train
0.0022726832,0.17981836,0.29345265,0.42505398,0.42505398,30000,train
0.0022673835,0.17859182,0.2919608,0.42227167,0.42227167,31000,train
0.0022202758,0.1752697,0.2862834,0.41532186,0.41532186,32000,train
0.002191673,0.1763124,0.2858962,0.41367802,0.41367802,33000,train
0.0021631066,0.17290722,0.28106248,0.4076073,0.4076073,34000,train
0.002164857,0.17217669,0.2804196,0.4057475,0.4057475,35000,train
0.0021702184,0.17273329,0.28124416,0.4053724,0.4053724,36000,train
0.0021139323,0.16964105,0.27533764,0.39828724,0.39828724,37000,train
0.002163016,0.17176858,0.27991918,0.40170705,0.40170705,38000,train
0.0020726775,0.16746914,0.27110288,0.39174733,0.39174733,39000,train
0.0021290155,0.16940886,0.27585968,0.3953772,0.3953772,40000,train
0.002110405,0.16816267,0.273683,0.3920992,0.3920992,41000,train
0.0020616893,0.16635002,0.2694346,0.3867671,0.3867671,42000,train
0.0020802622,0.16608709,0.2701001,0.3863624,0.3863624,43000,train
0.0020538098,0.16540094,0.26809147,0.38330114,0.38330114,44000,train
0.0020088458,0.16249485,0.26293725,0.37711465,0.37711465,45000,train
0.0020117112,0.162277,0.2628623,0.3760243,0.3760243,46000,train
0.0019879653,0.16148502,0.2608833,0.37304667,0.37304667,47000,train
0.0020126428,0.16220194,0.26283422,0.37401548,0.37401548,48000,train
0.001997057,0.1605248,0.2603775,0.37059435,0.37059435,49000,train
0.0019416985,0.15829271,0.25537765,0.3646446,0.3646446,50000,train
0.0019796102,0.15907274,0.25805312,0.36638507,0.36638507,51000,train
0.0019387178,0.15788172,0.25481775,0.3622269,0.3622269,52000,train
0.0019480017,0.1568449,0.25424486,0.36075073,0.36075073,53000,train
0.0019220265,0.15627635,0.25237787,0.3579961,0.3579961,54000,train
0.0019301507,0.15706065,0.2535681,0.35831785,0.35831785,55000,train
0.0019001854,0.15550742,0.25051698,0.35442218,0.35442218,56000,train
0.0019027804,0.15383819,0.24897724,0.35204712,0.35204712,57000,train
0.001860728,0.1522471,0.24528353,0.34753066,0.34753066,58000,train
0.0018921439,0.15381967,0.24842696,0.34985518,0.34985518,59000,train
0.0018841969,0.15292868,0.24713838,0.34777126,0.34777126,60000,train
0.0018574699,0.15184546,0.24471915,0.344583,0.344583,61000,train
0.0018354151,0.15094851,0.24271916,0.34181604,0.34181604,62000,train
0.0018572615,0.15086618,0.24372911,0.3420704,0.3420704,63000,train
0.0018154919,0.14915513,0.23992977,0.3375384,0.3375384,64000,train
0.0018178149,0.14890677,0.23979753,0.33668068,0.33668068,65000,train
0.0018575584,0.14983761,0.24271564,0.33889258,0.33889258,66000,train
0.0017624025,0.14513251,0.23325275,0.32873094,0.32873094,67000,train
0.0018039498,0.1474525,0.23765011,0.332437,0.332437,68000,train
0.0017896479,0.14615999,0.23564245,0.3297597,0.3297597,69000,train
0.0017721297,0.14574818,0.23435456,0.32781142,0.32781142,70000,train
0.0017421615,0.14335915,0.23046713,0.32327127,0.32327127,71000,train
0.0017285912,0.14328131,0.22971082,0.32188216,0.32188216,72000,train
0.0017648739,0.14477387,0.23301756,0.32456106,0.32456106,73000,train
0.0017467467,0.14310913,0.23044647,0.32138732,0.32138732,74000,train
0.0016793013,0.14054725,0.22451225,0.31485033,0.31485033,75000,train
0.0017472716,0.14287047,0.23023415,0.31999323,0.31999323,76000,train
0.001716216,0.14241908,0.22822982,0.31741723,0.31741723,77000,train
0.0017018764,0.14048156,0.22557531,0.31420347,0.31420347,78000,train
0.0017053031,0.14101754,0.22628286,0.31435058,0.31435058,79000,train
0.001712568,0.1405423,0.226171,0.3136934,0.3136934,80000,train
0.00166795,0.13786519,0.22126268,0.3082435,0.3082435,81000,train
0.0016400146,0.13623981,0.2182405,0.30469337,0.30469337,82000,train
0.0016746544,0.13841355,0.22214618,0.30808952,0.30808952,83000,train
0.0016460199,0.13653243,0.21883331,0.30428043,0.30428043,84000,train
0.0016201187,0.13537714,0.21638308,0.30134526,0.30134526,85000,train
0.0016506154,0.13698153,0.21951236,0.30399182,0.30399182,86000,train
0.0016776954,0.1371545,0.221039,0.3050472,0.3050472,87000,train
0.0016027445,0.1347173,0.2148546,0.29839665,0.29839665,88000,train
0.0016528248,0.1364715,0.21911255,0.30219856,0.30219856,89000,train
0.001632818,0.13594551,0.21758622,0.30023935,0.30023935,90000,train
0.0016096733,0.13285857,0.21334201,0.29557437,0.29557437,91000,train
0.0015840473,0.13302301,0.21222545,0.29402193,0.29402193,92000,train
0.0015898072,0.13159685,0.21108727,0.29246524,0.29246524,93000,train
0.0016051495,0.1328734,0.21313053,0.29410183,0.29410183,94000,train
0.0015834919,0.13217948,0.21135381,0.2919187,0.2919187,95000,train
0.001598512,0.13240866,0.2123343,0.29250944,0.29250944,96000,train
0.0015415025,0.12944281,0.20651771,0.28630468,0.28630468,97000,train
0.0015564973,0.1301853,0.20801027,0.2874216,0.2874216,98000,train
0.0015544944,0.12953815,0.20726267,0.28630307,0.28630307,99000,train
0.001554692,0.12979938,0.20753406,0.2862058,0.2862058,100000,train
0.001577311,0.13015072,0.20901635,0.28734174,0.28734174,101000,train
0.0015210875,0.1277351,0.20378935,0.28177083,0.28177083,102000,train
0.0014927448,0.12622352,0.20086087,0.2785031,0.2785031,103000,train
0.0015465603,0.12789962,0.20522778,0.28254342,0.28254342,104000,train
0.0015375986,0.12853129,0.20541121,0.2824063,0.2824063,105000,train
0.0015309561,0.12753403,0.20408174,0.28077704,0.28077704,106000,train
0.0014972688,0.12594147,0.20080484,0.27719286,0.27719286,107000,train
0.0014982598,0.12588203,0.20079504,0.27687785,0.27687785,108000,train
0.0014986186,0.12584516,0.20077601,0.2765776,0.2765776,109000,train
0.0014844713,0.12446043,0.19868405,0.27418804,0.27418804,110000,train
0.001520723,0.12627308,0.20230927,0.27753404,0.27753404,111000,train
0.0014768676,0.12415288,0.19799627,0.27295533,0.27295533,112000,train
0.0014951561,0.12470828,0.19946603,0.2741465,0.2741465,113000,train
0.001448737,0.12279144,0.1952282,0.26963207,0.26963207,114000,train
0.0014805609,0.12414403,0.19817196,0.27231932,0.27231932,115000,train
0.0014461346,0.122177295,0.19448398,0.26839274,0.26839274,116000,train
0.0014295125,0.12108247,0.19255811,0.26622856,0.26622856,117000,train
0.0014520254,0.12281642,0.19541788,0.2688447,0.2688447,118000,train
0.0014646243,0.1216164,0.19484766,0.26803112,0.26803112,119000,train
0.0014375242,0.12181365,0.19368972,0.2666422,0.2666422,120000,train
0.0014303661,0.1207783,0.19229668,0.2650363,0.2650363,121000,train
0.0014506862,0.12064333,0.19317764,0.26570204,0.26570204,122000,train
0.0013988193,0.11859312,0.18853404,0.2608427,0.2608427,123000,train
0.0014047079,0.11872755,0.18896295,0.26106226,0.26106226,124000,train
0.0014044668,0.11803878,0.18826206,0.26015407,0.26015407,125000,train
0.0014306598,0.11891205,0.19044487,0.26215565,0.26215565,126000,train
0.0013736407,0.11652191,0.1852039,0.2567172,0.2567172,127000,train
0.0014169384,0.1189832,0.18983008,0.26114556,0.26114556,128000,train
0.0014194146,0.11784906,0.18881978,0.25993532,0.25993532,129000,train
0.001348189,0.11434371,0.18175322,0.2526766,0.2526766,130000,train
0.0013882458,0.118093364,0.18750559,0.25825587,0.25825587,131000,train
0.0013467949,0.11566077,0.18300058,0.25358832,0.25358832,132000,train
0.0013867461,0.11727531,0.18661246,0.25702843,0.25702843,133000,train
0.0013736509,0.116067566,0.18475032,0.25500092,0.25500092,134000,train
0.0013507011,0.115694165,0.18322907,0.25332615,0.25332615,135000,train
0.0013566584,0.114452794,0.1822858,0.25221595,0.25221595,136000,train
0.0013503275,0.11404813,0.18156458,0.25132647,0.25132647,137000,train
0.0013926819,0.11649458,0.18612881,0.25576052,0.25576052,138000,train
0.0013369652,0.11431119,0.18115953,0.25066143,0.25066143,139000,train
0.0013445194,0.11436341,0.18158935,0.25094113,0.25094113,140000,train
0.0013394034,0.11294619,0.1799164,0.24912184,0.24912184,141000,train
0.0013253328,0.11209929,0.17836604,0.24741696,0.24741696,142000,train
0.0013137157,0.11257574,0.17826152,0.24718133,0.24718133,143000,train
0.0013276844,0.112255454,0.17863965,0.24743687,0.24743687,144000,train
0.001316054,0.11168293,0.17748562,0.24616008,0.24616008,145000,train
0.0013119548,0.11148383,0.1770816,0.2456299,0.2456299,146000,train
0.0012974258,0.11013583,0.17500713,0.24343194,0.24343194,147000,train
0.0012937259,0.11109161,0.17577788,0.24408278,0.24408278,148000,train
0.0013241379,0.11087614,0.17708303,0.24528122,0.24528122,149000,train
0.0012853051,0.10990374,0.17416887,0.24226496,0.24226496,150000,train
0.0012707104,0.10866345,0.172199,0.24017496,0.24017496,151000,train
0.0012767911,0.10976573,0.17360532,0.24148604,0.24148604,152000,train
0.0012739938,0.10889226,0.17259207,0.24036522,0.24036522,153000,train
0.0013011318,0.109907806,0.17496437,0.24264479,0.24264479,154000,train
0.0012669938,0.10929863,0.17264847,0.24022979,0.24022979,155000,train
0.0012702234,0.1088377,0.17234899,0.23987253,0.23987253,156000,train
0.0012970857,0.1107542,0.17560855,0.24304661,0.24304661,157000,train
0.0012696196,0.1085374,0.17201816,0.23937045,0.23937045,158000,train
0.0012742409,0.10790551,0.1716175,0.23889953,0.23889953,159000,train
0.0012846462,0.10933434,0.17356646,0.24077785,0.24077785,160000,train
0.0012511746,0.10757157,0.17013034,0.2372726,0.2372726,161000,train
0.0012210415,0.10543942,0.16649136,0.2335462,0.2335462,162000,train
0.0012193635,0.10692919,0.16789737,0.23489039,0.23489039,163000,train
0.0012591315,0.10664059,0.16959718,0.2365308,0.2365308,164000,train
0.0012619318,0.10735272,0.17044923,0.23730826,0.23730826,165000,train
0.0012270228,0.105620064,0.16697137,0.23377779,0.23377779,166000,train
0.0012625824,0.1082671,0.1713962,0.238145,0.238145,167000,train
0.0012554951,0.10656677,0.16934167,0.23603624,0.23603624,168000,train
0.0012240775,0.104645744,0.16584955,0.23250656,0.23250656,169000,train
0.0012366144,0.10545636,0.16728711,0.23387948,0.23387948,170000,train
0.0011848337,0.1035574,0.16279908,0.22933306,0.22933306,171000,train
0.0012134318,0.10421559,0.16488716,0.23136449,0.23136449,172000,train
0.0012080166,0.10303004,0.163431,0.22982989,0.22982989,173000,train
0.0012207418,0.10419642,0.1652336,0.23154715,0.23154715,174000,train
0.0012103558,0.10438903,0.1649067,0.23118068,0.23118068,175000,train
0.0011792472,0.10287784,0.16184022,0.22805908,0.22805908,176000,train
0.0011813894,0.10252824,0.16159773,0.22774492,0.22774492,177000,train
0.0012091444,0.102312066,0.16276923,0.22884741,0.22884741,178000,train
0.0011518947,0.099916756,0.15751153,0.22352196,0.22352196,179000,train
0.001196844,0.10360454,0.16344672,0.2294153,0.2294153,180000,train
0.0011685468,0.10210877,0.16053624,0.22647312,0.22647312,181000,train
0.0012115887,0.10362464,0.1642041,0.23010033,0.23010033,182000,train
0.001159745,0.100710645,0.15869786,0.22453731,0.22453731,183000,train
0.0011630971,0.100707956,0.1588627,0.22464383,0.22464383,184000,train
0.00117053,0.10129216,0.15981863,0.22554688,0.22554688,185000,train
0.0011706704,0.10090963,0.1594432,0.22512689,0.22512689,186000,train
0.0011613965,0.10078103,0.1588508,0.22450794,0.22450794,187000,train
0.0011534687,0.09967708,0.15735047,0.22295767,0.22295767,188000,train
0.0011779241,0.10213267,0.1610287,0.22661567,0.22661567,189000,train
0.001152588,0.09946548,0.15709491,0.22266334,0.22266334,190000,train
0.0011335766,0.098296285,0.15497516,0.22047167,0.22047167,191000,train
0.0011687955,0.09994468,0.15838452,0.22383362,0.22383362,192000,train
0.0011437105,0.09952574,0.15671137,0.22212182,0.22212182,193000,train
0.001124184,0.097868964,0.15407826,0.21946171,0.21946171,194000,train
0.0011391839,0.0988065,0.15576592,0.2211101,0.2211101,195000,train
0.0011452171,0.09935852,0.15661937,0.22193283,0.22193283,196000,train
0.0011131266,0.09672162,0.15237807,0.21766075,0.21766075,197000,train
0.0011298511,0.09861044,0.15510307,0.22037746,0.22037746,198000,train
0.0011184769,0.09717331,0.15309715,0.21836217,0.21836217,199000,train
0.0011233795,0.09757241,0.15374136,0.21899083,0.21899083,200000,train
0.0011385769,0.098697886,0.15562683,0.22086301,0.22086301,201000,train
0.001119791,0.09782259,0.15381213,0.2190361,0.2190361,202000,train
0.0011212187,0.09750586,0.15356685,0.21876083,0.21876083,203000,train
0.0011227174,0.09688949,0.15302527,0.21820569,0.21820569,204000,train
0.0011111216,0.09678879,0.15234485,0.21752657,0.21752657,205000,train
0.0011229577,0.097373575,0.1535214,0.2186979,0.2186979,206000,train
0.001102856,0.097355105,0.15249781,0.21763018,0.21763018,207000,train
0.0011207736,0.09762879,0.1536675,0.21885824,0.21885824,208000,train
0.0010908279,0.0955416,0.15008302,0.21525691,0.21525691,209000,train
0.0010961867,0.09564806,0.15045737,0.2156166,0.2156166,210000,train
0.0010735174,0.09446173,0.14813744,0.21326293,0.21326293,211000,train
0.0010839456,0.09494276,0.14914003,0.21425496,0.21425496,212000,train
0.0011058726,0.09590716,0.15120076,0.21631524,0.21631524,213000,train
0.0010846549,0.09444171,0.14867444,0.2137622,0.2137622,214000,train
0.0010729168,0.094302535,0.14794838,0.21301246,0.21301246,215000,train
0.0010768599,0.095183164,0.1490261,0.21409331,0.21409331,216000,train
0.0010480953,0.09209417,0.14449883,0.20953107,0.20953107,217000,train
0.0010776351,0.09439951,0.14828143,0.21327633,0.21327633,218000,train
0.0010494537,0.09373541,0.1462082,0.21119562,0.21119562,219000,train
0.0010705532,0.09367228,0.14719974,0.21218376,0.21218376,220000,train
0.0010821503,0.09459436,0.148702,0.21370186,0.21370186,221000,train
0.0010855047,0.095392585,0.14966784,0.21466964,0.21466964,222000,train
0.0010707681,0.093381666,0.14692,0.21194246,0.21194246,223000,train
0.0010417883,0.09227312,0.14436251,0.2093898,0.2093898,224000,train
0.0010667773,0.0934045,0.14674334,0.21176192,0.21176192,225000,train
0.0010525316,0.09199328,0.1446198,0.20962574,0.20962574,226000,train
0.0010616381,0.09384825,0.1469302,0.21192141,0.21192141,227000,train
0.0010332653,0.09288159,0.1445449,0.20956984,0.20956984,228000,train
0.0010700683,0.09273559,0.14623891,0.21126853,0.21126853,229000,train
0.0010334393,0.09096326,0.14263502,0.2076427,0.2076427,230000,train
0.0010598273,0.092180386,0.14517175,0.21018024,0.21018024,231000,train
0.0010322545,0.09081221,0.14242484,0.20741946,0.20741946,232000,train
0.0010530095,0.092007026,0.14465778,0.20964946,0.20964946,233000,train
0.0010535049,0.093284115,0.1459594,0.21095705,0.21095705,234000,train
0.0010271933,0.09196721,0.14332697,0.20837171,0.20837171,235000,train
0.0010314629,0.090671904,0.14224496,0.2072939,0.2072939,236000,train
0.0010159032,0.090247616,0.14104278,0.20607966,0.20607966,237000,train
0.001040347,0.092667125,0.1446846,0.2097881,0.2097881,238000,train
0.0010376243,0.091488525,0.14336973,0.20846114,0.20846114,239000,train
0.0010243437,0.09016486,0.14138195,0.20646131,0.20646131,240000,train
0.0010199342,0.09026081,0.14125752,0.20635791,0.20635791,241000,train
0.0010014743,0.08919168,0.13926546,0.20436381,0.20436381,242000,train
0.001017543,0.08985947,0.14073656,0.20584315,0.20584315,243000,train
0.001009484,0.08806431,0.13853857,0.20360419,0.20360419,244000,train
0.0010224041,0.08994036,0.14106067,0.20609802,0.20609802,245000,train
0.0010020718,0.0895931,0.1396967,0.20473585,0.20473585,246000,train
0.001012091,0.089807145,0.14041182,0.20547417,0.20547417,247000,train
0.0010379313,0.09266113,0.14455774,0.20968877,0.20968877,248000,train
0.0010210335,0.09027008,0.14132172,0.20657268,0.20657268,249000,train
0.0010147663,0.08934838,0.14008674,0.20535445,0.20535445,250000,train
0.0010071675,0.08917586,0.13953424,0.2047801,0.2047801,251000,train
0.0009974784,0.08904989,0.13892385,0.20419036,0.20419036,252000,train
0.0009792215,0.08659169,0.13555284,0.2008011,0.2008011,253000,train
0.0009912982,0.088798985,0.13836397,0.20360409,0.20360409,254000,train
0.0009868392,0.08773829,0.13708033,0.20230846,0.20230846,255000,train
0.00096703204,0.086566165,0.13491772,0.20014931,0.20014931,256000,train
0.0009871544,0.08715147,0.13650917,0.20173292,0.20173292,257000,train
0.0009754657,0.08744287,0.1362161,0.20144767,0.20144767,258000,train
0.0010018506,0.08939972,0.13949239,0.20476657,0.20476657,259000,train
0.00097402476,0.087902345,0.13660353,0.20192367,0.20192367,260000,train
0.0009737366,0.08677378,0.13546063,0.20077802,0.20077802,261000,train
0.0009786114,0.086644456,0.13557515,0.2008731,0.2008731,262000,train
0.0009665024,0.086850405,0.13517553,0.2004933,0.2004933,263000,train
0.00096215616,0.08716131,0.13526908,0.20060919,0.20060919,264000,train
0.0009920588,0.08848269,0.13808581,0.20347774,0.20347774,265000,train
0.0009871827,0.08826704,0.13762635,0.20306021,0.20306021,266000,train
0.00095324253,0.086547725,0.13420978,0.19966705,0.19966705,267000,train
0.00095743244,0.08497951,0.13285105,0.19828826,0.19828826,268000,train
0.00094187196,0.08435684,0.13145038,0.19684209,0.19684209,269000,train
0.0009851587,0.086711764,0.1359697,0.2013472,0.2013472,270000,train
0.0009772136,0.08694014,0.13580084,0.20120762,0.20120762,271000,train
0.0009326196,0.08421308,0.13084407,0.19625299,0.19625299,272000,train
0.0009710294,0.0864143,0.13496578,0.20036131,0.20036131,273000,train
0.000971056,0.08719547,0.1357483,0.20118275,0.20118275,274000,train
0.0009600013,0.0854909,0.13349085,0.198951,0.198951,275000,train
0.00096857274,0.08620379,0.13463257,0.20011048,0.20011048,276000,train
0.0009607052,0.086511746,0.134547,0.2000591,0.2000591,277000,train
0.0009541263,0.08638745,0.13409382,0.1996474,0.1996474,278000,train
0.00093710766,0.08469014,0.13154556,0.19710411,0.19710411,279000,train
0.0009578828,0.085586905,0.13348104,0.19905728,0.19905728,280000,train
0.00092134497,0.08370236,0.12976962,0.19533966,0.19533966,281000,train
0.00093667145,0.08487171,0.13170527,0.19729546,0.19729546,282000,train
0.0009358318,0.084861755,0.13165328,0.19725268,0.19725268,283000,train
0.0009390487,0.0848417,0.13179411,0.19740343,0.19740343,284000,train
0.0009230373,0.083068036,0.12921986,0.19480738,0.19480738,285000,train
0.0009122684,0.08249383,0.1281072,0.19366403,0.19366403,286000,train
0.00095358404,0.085928865,0.13360815,0.19919981,0.19919981,287000,train
0.00094039715,0.08439233,0.13141228,0.19704238,0.19704238,288000,train
0.00093118794,0.08392193,0.13048126,0.19613746,0.19613746,289000,train
0.00092963065,0.08277085,0.12925239,0.19490002,0.19490002,290000,train
0.0009369425,0.084549144,0.13139635,0.19706805,0.19706805,291000,train
0.0009532458,0.08580025,0.1334625,0.19922817,0.19922817,292000,train
0.0009462233,0.08465264,0.1319638,0.19778982,0.19778982,293000,train
0.0009153018,0.083693095,0.12945817,0.19529386,0.19529386,294000,train
0.0009426314,0.08515401,0.13228552,0.19819239,0.19819239,295000,train
0.0008695892,0.08135998,0.12483941,0.19077659,0.19077659,296000,train
0.0009070311,0.08182878,0.12718028,0.19306608,0.19306608,297000,train
0.0009073237,0.08175047,0.12711656,0.1929893,0.1929893,298000,train
0.00091251003,0.08259377,0.12821934,0.19408603,0.19408603,299000,train
0.00091234624,0.08337095,0.1289883,0.1948917,0.1948917,300000,train
0.00092204654,0.08359669,0.12969908,0.19564882,0.19564882,301000,train
0.0009214529,0.08287978,0.12895237,0.19492407,0.19492407,302000,train
0.0009149562,0.0832745,0.12902237,0.19502746,0.19502746,303000,train
0.00089516345,0.080911025,0.12566926,0.19166295,0.19166295,304000,train
0.000892237,0.0819772,0.126589,0.1925763,0.1925763,305000,train
0.0008972942,0.08119482,0.1260595,0.1920506,0.1920506,306000,train
0.0009029232,0.08186944,0.12701553,0.19298567,0.19298567,307000,train
0.00088061555,0.08079045,0.1248212,0.1907986,0.1907986,308000,train
0.00089448615,0.08135706,0.12608139,0.1920295,0.1920295,309000,train
0.0009133185,0.08247467,0.12814061,0.19416454,0.19416454,310000,train
0.00087542785,0.080868125,0.124639526,0.19065991,0.19065991,311000,train
0.000896533,0.08208441,0.12691103,0.19294733,0.19294733,312000,train
0.00089522434,0.08072586,0.12548712,0.19150807,0.19150807,313000,train
0.00087730825,0.08066671,0.12453216,0.19054215,0.19054215,314000,train
0.0008692065,0.07992414,0.1233845,0.1893956,0.1893956,315000,train
0.00089439284,0.08146828,0.12618794,0.1922049,0.1922049,316000,train
0.00088742364,0.08085032,0.12522148,0.19126445,0.19126445,317000,train
0.0008894266,0.08188358,0.126355,0.19243395,0.19243395,318000,train
0.00088053814,0.08022758,0.12425443,0.19035298,0.19035298,319000,train
0.000896338,0.08097755,0.12579449,0.19194031,0.19194031,320000,train
0.0008824838,0.08020391,0.124327995,0.19045272,0.19045272,321000,train
0.00089513656,0.081591964,0.12634881,0.19249468,0.19249468,322000,train
0.00089728646,0.08216213,0.12702633,0.19325586,0.19325586,323000,train
0.0008852197,0.08115473,0.12541562,0.1916818,0.1916818,324000,train
0.0008465385,0.07852297,0.12084995,0.18711303,0.18711303,325000,train
0.0008648082,0.07976057,0.12300098,0.1892232,0.1892232,326000,train
0.00089496456,0.08083112,0.12557937,0.19181219,0.19181219,327000,train
0.0008623878,0.07946457,0.12258405,0.18882449,0.18882449,328000,train
0.0008662815,0.079339154,0.12265327,0.18889815,0.18889815,329000,train
0.00088092056,0.08050037,0.12454654,0.19082133,0.19082133,330000,train
0.00086524675,0.079147324,0.122409694,0.18870115,0.18870115,331000,train
0.00086997263,0.07969441,0.12319303,0.18951939,0.18951939,332000,train
0.00087586645,0.080243714,0.124037065,0.19035602,0.19035602,333000,train
0.0008366586,0.078171894,0.120004825,0.18634436,0.18634436,334000,train
0.00085327827,0.078602515,0.12126639,0.18759626,0.18759626,335000,train
0.0008809765,0.079126164,0.12317494,0.18952923,0.18952923,336000,train
0.0008658924,0.080321096,0.1236157,0.19001123,0.19001123,337000,train
0.0008688296,0.079500005,0.12294152,0.18937075,0.18937075,338000,train
0.00087278493,0.07886533,0.12250455,0.1889474,0.1889474,339000,train
0.000838979,0.07854887,0.120497815,0.18695359,0.18695359,340000,train
0.0008360645,0.07879227,0.12059553,0.18706812,0.18706812,341000,train
0.0008468721,0.077920824,0.12026438,0.18675892,0.18675892,342000,train
0.00086883904,0.07962001,0.12306212,0.18956782,0.18956782,343000,train
0.00085058255,0.07810489,0.12063402,0.18716373,0.18716373,344000,train
0.00084079197,0.07729431,0.11933395,0.18584727,0.18584727,345000,train
0.00084977463,0.079227194,0.121715926,0.18825363,0.18825363,346000,train
0.0008622606,0.07905994,0.12217303,0.18877381,0.18877381,347000,train
0.0008557847,0.078690276,0.12147949,0.18809378,0.18809378,348000,train
0.000851108,0.078201264,0.120756656,0.1873733,0.1873733,349000,train
0.0008663037,0.07967334,0.12298854,0.18963185,0.18963185,350000,train
0.0008104757,0.07644165,0.11696553,0.18364616,0.18364616,351000,train
0.0008485158,0.07863865,0.12106442,0.18775932,0.18775932,352000,train
0.00087720965,0.08037462,0.12423509,0.19101973,0.19101973,353000,train
0.0008238425,0.07746667,0.11865871,0.18543579,0.18543579,354000,train
0.0008306794,0.0776848,0.1192188,0.18602197,0.18602197,355000,train
0.00081881136,0.07609583,0.11703635,0.18380566,0.18380566,356000,train
0.0008268171,0.07720472,0.11854553,0.18533476,0.18533476,357000,train
0.0008256862,0.0760221,0.11730648,0.18407063,0.18407063,358000,train
0.0008300118,0.07714238,0.11864298,0.18537776,0.18537776,359000,train
0.00083810976,0.07809198,0.11999739,0.18675287,0.18675287,360000,train
0.00081191206,0.07633788,0.11693349,0.18368185,0.18368185,361000,train
0.00085812114,0.07925387,0.122159846,0.18896547,0.18896547,362000,train
0.0008152074,0.076004215,0.11676452,0.1835639,0.1835639,363000,train
0.0008172958,0.075791575,0.11665651,0.18341766,0.18341766,364000,train
0.0008476832,0.07971912,0.12210316,0.18893975,0.18893975,365000,train
0.00085133704,0.07895985,0.12152668,0.18847267,0.18847267,366000,train
0.0008273636,0.07713047,0.11849868,0.18550539,0.18550539,367000,train
0.00082801544,0.07734359,0.11874431,0.18576823,0.18576823,368000,train
0.00084926485,0.07688317,0.11934644,0.18639033,0.18639033,369000,train
0.0007935963,0.075653195,0.11533286,0.18238056,0.18238056,370000,train
0.0008279611,0.07656228,0.11796023,0.184991,0.184991,371000,train
0.0007951004,0.074074805,0.1138298,0.18084386,0.18084386,372000,train
0.0008254495,0.07594786,0.117220305,0.184196,0.184196,373000,train
0.0008121056,0.0755192,0.11612448,0.18309706,0.18309706,374000,train
0.0007861395,0.07389832,0.1132053,0.18014927,0.18014927,375000,train
0.00080292113,0.07527953,0.1154257,0.1823375,0.1823375,376000,train
0.000819035,0.075799875,0.1167517,0.18367048,0.18367048,377000,train
0.0008074453,0.07589679,0.11626911,0.1832036,0.1832036,378000,train
0.00078609027,0.07374735,0.113051884,0.17997119,0.17997119,379000,train
0.0008012006,0.07442786,0.11448788,0.18136795,0.18136795,380000,train
0.0008409149,0.07736438,0.119410224,0.18631163,0.18631163,381000,train
0.0007951696,0.07477258,0.11453117,0.1814601,0.1814601,382000,train
0.0008061093,0.075116575,0.115422,0.18236652,0.18236652,383000,train
0.0007934574,0.074301474,0.113974266,0.18090737,0.18090737,384000,train
0.0007950345,0.0755681,0.11531983,0.18225355,0.18225355,385000,train
0.000803944,0.074683376,0.11488047,0.18184316,0.18184316,386000,train
0.0007984988,0.07474924,0.11467422,0.1816156,0.1816156,387000,train
0.0007837103,0.0739377,0.11312318,0.18005528,0.18005528,388000,train
0.00079840975,0.07467622,0.11459667,0.18147896,0.18147896,389000,train
0.0007787601,0.073450185,0.11238817,0.17923164,0.17923164,390000,train
0.00079438335,0.07492587,0.11464499,0.18151695,0.18151695,391000,train
0.0007917972,0.07424541,0.11383524,0.18073365,0.18073365,392000,train
0.0007963351,0.07488066,0.11469739,0.18159166,0.18159166,393000,train
0.00079507683,0.075388595,0.11514246,0.18205005,0.18205005,394000,train
0.0008058891,0.07476903,0.115063556,0.18201996,0.18201996,395000,train
0.00079580443,0.07419891,0.113989145,0.18094026,0.18094026,396000,train
0.00080031424,0.07526893,0.11528466,0.18231662,0.18231662,397000,train
0.00078793603,0.07355807,0.11295488,0.17998418,0.17998418,398000,train
0.0007976329,0.075369984,0.11525162,0.18230572,0.18230572,399000,train
0.0008223079,0.07692626,0.118041724,0.1851845,0.1851845,400000,train
0.0008113302,0.07586302,0.11642961,0.18365113,0.18365113,401000,train
0.0007895684,0.0742924,0.11377083,0.18100145,0.18100145,402000,train
0.00080034044,0.075245194,0.1152623,0.18250868,0.18250868,403000,train
0.00082040817,0.076770395,0.1177909,0.18513866,0.18513866,404000,train
0.000788995,0.07453192,0.11398181,0.1813815,0.1813815,405000,train
0.0008169721,0.07583819,0.11668679,0.18413074,0.18413074,406000,train
0.0008320313,0.076446556,0.118048206,0.1855408,0.1855408,407000,train
0.00079069985,0.074092604,0.11362753,0.18113811,0.18113811,408000,train
0.00078717154,0.07426868,0.11362724,0.18115065,0.18115065,409000,train
0.00078982924,0.07435703,0.113848455,0.18138267,0.18138267,410000,train
0.0007742998,0.07420218,0.11291713,0.18048146,0.18048146,411000,train
0.0007852906,0.073566675,0.1128312,0.18040958,0.18040958,412000,train
0.0007656251,0.07298423,0.11126553,0.17879815,0.17879815,413000,train
0.00076191,0.07194899,0.110044405,0.17753763,0.17753763,414000,train
0.00076075795,0.07241443,0.11045238,0.17791033,0.17791033,415000,train
0.0007670197,0.072117046,0.11046795,0.17791446,0.17791446,416000,train
0.0007568823,0.071225725,0.10906982,0.17647009,0.17647009,417000,train
0.0007818165,0.07308384,0.11217473,0.17958806,0.17958806,418000,train
0.0007945394,0.07477697,0.11450397,0.18194237,0.18194237,419000,train
0.0008036155,0.07528049,0.11546126,0.18294522,0.18294522,420000,train
0.0007719483,0.07372438,0.11232176,0.179869,0.179869,421000,train
0.0007804005,0.07342624,0.11244625,0.18005551,0.18005551,422000,train
0.00081060926,0.07431227,0.1148427,0.18244998,0.18244998,423000,train
0.00076069904,0.07250071,0.11053571,0.17815857,0.17815857,424000,train
0.0007671646,0.07215745,0.11051568,0.1781344,0.1781344,425000,train
0.0007597256,0.07222257,0.110208854,0.17779307,0.17779307,426000,train
0.0007866563,0.073582776,0.112915605,0.18054911,0.18054911,427000,train
0.0007439472,0.07080728,0.108004645,0.1756152,0.1756152,428000,train
0.0007377077,0.07088725,0.1077726,0.17533757,0.17533757,429000,train
0.0007743125,0.072765894,0.111481436,0.17902261,0.17902261,430000,train
0.00075486954,0.07252657,0.11027001,0.17787848,0.17787848,431000,train
0.00076317304,0.070716076,0.10887462,0.1764372,0.1764372,432000,train
0.0007473341,0.07139908,0.10876584,0.17626598,0.17626598,433000,train
0.000754842,0.072094224,0.10983647,0.17733273,0.17733273,434000,train
0.00076198723,0.07271777,0.11081717,0.17835952,0.17835952,435000,train
0.00077558437,0.07328629,0.11206539,0.17966993,0.17966993,436000,train
0.00076922204,0.07288783,0.11134874,0.17898008,0.17898008,437000,train
0.0007612702,0.07255538,0.110618845,0.17825815,0.17825815,438000,train
0.00077309884,0.07393993,0.112594806,0.18024166,0.18024166,439000,train
0.00077195116,0.07330141,0.111898914,0.17968258,0.17968258,440000,train
0.0007840171,0.07426196,0.113462806,0.18131144,0.18131144,441000,train
0.0007562728,0.07144918,0.10926288,0.17712553,0.17712553,442000,train
0.0007573973,0.072508596,0.11037844,0.1782453,0.1782453,443000,train
0.00080243166,0.07513707,0.11525865,0.18324313,0.18324313,444000,train
0.00076542364,0.07218407,0.110455185,0.1784759,0.1784759,445000,train
0.00074941956,0.0717373,0.109208286,0.17721319,0.17721319,446000,train
0.00074776466,0.07151734,0.10890556,0.17689915,0.17689915,447000,train
0.00073627534,0.07090271,0.1077165,0.1756798,0.1756798,448000,train
0.00075531367,0.07161551,0.10938112,0.17734598,0.17734598,449000,train
0.00070440245,0.06806781,0.103288025,0.17117204,0.17117204,450000,train
0.0007595131,0.07110503,0.10908072,0.17692971,0.17692971,451000,train
0.0007356093,0.0700286,0.10680912,0.17464396,0.17464396,452000,train
0.0007486482,0.07142761,0.10886011,0.17668612,0.17668612,453000,train
0.00073641393,0.07002956,0.1068502,0.17463672,0.17463672,454000,train
0.0007205728,0.069787405,0.10581598,0.17359564,0.17359564,455000,train
0.0007357937,0.071163125,0.10795282,0.17568791,0.17568791,456000,train
0.00074460736,0.071305186,0.10853554,0.17628276,0.17628276,457000,train
0.00074982113,0.0711148,0.10860593,0.17634383,0.17634383,458000,train
0.0007489219,0.07120544,0.10865163,0.17642686,0.17642686,459000,train
0.0007204562,0.06967819,0.10570104,0.17346692,0.17346692,460000,train
0.00071894296,0.069753036,0.10570021,0.17343056,0.17343056,461000,train
0.00073720666,0.0705434,0.10740369,0.17516758,0.17516758,462000,train
0.0007595988,0.07203177,0.11001167,0.17778693,0.17778693,463000,train
0.00076121016,0.07167762,0.1097381,0.17755422,0.17755422,464000,train
0.00073868135,0.07006307,0.10699706,0.17483121,0.17483121,465000,train
0.0007414142,0.07116643,0.10823714,0.176059,0.176059,466000,train
0.000731235,0.069826856,0.106388524,0.17423268,0.17423268,467000,train
0.0007429891,0.07054194,0.10769135,0.1754852,0.1754852,468000,train
0.0007438036,0.07155822,0.108748436,0.17658028,0.17658028,469000,train
0.0007418815,0.07106895,0.108162925,0.17599916,0.17599916,470000,train
0.00076985086,0.072913155,0.111405715,0.1793605,0.1793605,471000,train
0.00073117024,0.070272036,0.106830515,0.17479306,0.17479306,472000,train
0.00072889606,0.07115804,0.107602835,0.17556602,0.17556602,473000,train
0.0007590777,0.07111922,0.10907313,0.17703904,0.17703904,474000,train
0.00072600984,0.070335,0.10663558,0.1746388,0.1746388,475000,train
0.00076029,0.071863316,0.109877825,0.17792682,0.17792682,476000,train
0.00074877613,0.07068732,0.10812614,0.17617676,0.17617676,477000,train
0.0007357679,0.070427485,0.10721586,0.17528044,0.17528044,478000,train
0.0007195627,0.06960755,0.105585515,0.17364445,0.17364445,479000,train
0.0007367973,0.071255475,0.108095296,0.17617653,0.17617653,480000,train
0.00074638234,0.07116004,0.10847916,0.17663607,0.17663607,481000,train
0.00072956993,0.06946114,0.105939604,0.17406799,0.17406799,482000,train
0.00073429034,0.07055352,0.107268035,0.17537858,0.17537858,483000,train
0.00073728606,0.070806175,0.10767048,0.17580146,0.17580146,484000,train
0.00072026404,0.07024779,0.10626099,0.17443576,0.17443576,485000,train
0.0007146883,0.06921616,0.10495071,0.17315395,0.17315395,486000,train
0.00073065574,0.06913151,0.105664305,0.17386243,0.17386243,487000,train
0.00071159814,0.06870999,0.104289785,0.17244811,0.17244811,488000,train
0.00073256827,0.07008247,0.10671087,0.17484926,0.17484926,489000,train
0.00069328904,0.06857809,0.10324258,0.17137691,0.17137691,490000,train
0.0007368834,0.06945332,0.10629737,0.17443702,0.17443702,491000,train
0.0007234516,0.06956337,0.10573591,0.1738581,0.1738581,492000,train
0.0007254076,0.06926284,0.10553323,0.17363983,0.17363983,493000,train
0.0006979085,0.068997934,0.10389332,0.1719909,0.1719909,494000,train
0.00072507985,0.07008606,0.10634001,0.17447218,0.17447218,495000,train
0.00071512384,0.06881748,0.10457364,0.1726994,0.1726994,496000,train
0.00073750335,0.07103913,0.107914284,0.17604595,0.17604595,497000,train
0.0007199286,0.07008185,0.10607827,0.17427178,0.17427178,498000,train
0.0007195501,0.06816363,0.10414111,0.17232293,0.17232293,499000,train
0.0007433561,0.07132291,0.10849077,0.17666197,0.17666197,500000,train
0.00073929934,0.07065601,0.107621066,0.17591807,0.17591807,501000,train
0.0007062862,0.06759325,0.10290758,0.17118077,0.17118077,502000,train
0.0006884844,0.06830902,0.1027333,0.17097215,0.17097215,503000,train
0.00072862505,0.06941788,0.10584895,0.17407602,0.17407602,504000,train
0.00069053826,0.06679216,0.101318926,0.16951214,0.16951214,505000,train
0.0006834548,0.065326914,0.09949956,0.16759418,0.16759418,506000,train
0.0007179339,0.06896937,0.10486608,0.17288537,0.17288537,507000,train
0.00068749185,0.06758979,0.10196433,0.16999175,0.16999175,508000,train
0.0007015949,0.068321146,0.10340077,0.17144065,0.17144065,509000,train
0.0007402107,0.070855446,0.10786599,0.1759502,0.1759502,510000,train
0.00075419643,0.07277951,0.110489324,0.178695,0.178695,511000,train
0.00072428037,0.07007738,0.10629138,0.17459983,0.17459983,512000,train
0.00074355444,0.07069275,0.10787049,0.17620946,0.17620946,513000,train
0.0007175032,0.069645606,0.10552073,0.1739576,0.1739576,514000,train
0.00068914617,0.06703103,0.10148837,0.16990131,0.16990131,515000,train
0.00072447275,0.0688241,0.10504784,0.17345776,0.17345776,516000,train
0.0007071363,0.06965121,0.10500793,0.17345665,0.17345665,517000,train
0.0007066165,0.069045,0.1043759,0.17284854,0.17284854,518000,train
0.00069762557,0.068927154,0.10380851,0.17229393,0.17229393,519000,train
0.0007114548,0.068206035,0.10377873,0.17224613,0.17224613,520000,train
0.000704598,0.067146376,0.10237625,0.17082652,0.17082652,521000,train
0.0006982285,0.06812242,0.103033856,0.17147139,0.17147139,522000,train
0.0007224085,0.06882375,0.10494416,0.17339697,0.17339697,523000,train
0.0006889969,0.067552455,0.10200235,0.17044136,0.17044136,524000,train
0.0006689296,0.06604793,0.09949444,0.16788526,0.16788526,525000,train
0.0007072516,0.06808604,0.103448644,0.17182222,0.17182222,526000,train
0.00070553785,0.068228364,0.103505276,0.1718974,0.1718974,527000,train
0.0006684079,0.06528168,0.09870211,0.16704872,0.16704872,528000,train
0.00069425843,0.068403624,0.10311642,0.17142422,0.17142422,529000,train
0.00070572377,0.06845832,0.10374446,0.17209744,0.17209744,530000,train
0.00069602026,0.0675915,0.10239243,0.17074516,0.17074516,531000,train
0.0007037804,0.068122044,0.103311054,0.17165223,0.17165223,532000,train
0.0007005172,0.06744096,0.102466725,0.17080183,0.17080183,533000,train
0.00066104403,0.065200366,0.09825253,0.16654009,0.16654009,534000,train
0.0006591574,0.06479472,0.09775265,0.1659445,0.1659445,535000,train
0.00073897286,0.070749775,0.10769837,0.17587739,0.17587739,536000,train
0.00075968157,0.07288707,0.11087119,0.17939655,0.17939655,537000,train
0.000749646,0.07196205,0.109444365,0.17810893,0.17810893,538000,train
0.0007245757,0.07064274,0.10687149,0.17564203,0.17564203,539000,train
0.0007214494,0.07032102,0.10639351,0.17528415,0.17528415,540000,train
0.00070466753,0.06910759,0.10434094,0.17328882,0.17328882,541000,train
0.0006806844,0.06689892,0.10093315,0.1698525,0.1698525,542000,train
0.0006712625,0.06596713,0.09953023,0.16836545,0.16836545,543000,train
0.0007204945,0.06895446,0.104979284,0.17380378,0.17380378,544000,train
0.0006705447,0.06542032,0.098947525,0.1677358,0.1677358,545000,train
0.0006788331,0.06706902,0.101010695,0.16975488,0.16975488,546000,train
0.0006877193,0.0671709,0.10155686,0.17031196,0.17031196,547000,train
0.0006479328,0.06382204,0.09621863,0.1649072,0.1649072,548000,train
0.00067893567,0.06529645,0.09924323,0.16783835,0.16783835,549000,train
0.0006519762,0.06375654,0.09635535,0.16486242,0.16486242,550000,train
0.0006814282,0.06627334,0.10034486,0.16880566,0.16880566,551000,train
0.00068312563,0.067076564,0.10123281,0.16967547,0.16967547,552000,train
0.0006871483,0.066314206,0.10067155,0.16912375,0.16912375,553000,train
0.0006746216,0.0663116,0.100042745,0.16846664,0.16846664,554000,train
0.00070482696,0.06761239,0.10285376,0.17128614,0.17128614,555000,train
0.00075580314,0.07184595,0.1096362,0.17820732,0.17820732,556000,train
0.0006932136,0.0676829,0.10234347,0.17102689,0.17102689,557000,train
0.00070916524,0.06924807,0.10470633,0.17342387,0.17342387,558000,train
0.0006587035,0.06560609,0.09854127,0.16725232,0.16725232,559000,train
0.0006817656,0.066314116,0.10040237,0.16907138,0.16907138,560000,train
0.0006785558,0.06585097,0.09977874,0.1684126,0.1684126,561000,train
0.00068800116,0.06659772,0.10099773,0.16961148,0.16961148,562000,train
0.0007028825,0.0676839,0.10282805,0.17146029,0.17146029,563000,train
0.0007009154,0.06776135,0.102807134,0.1714942,0.1714942,564000,train
0.00066984235,0.06582212,0.099314265,0.16797967,0.16797967,565000,train
0.0006595057,0.06481268,0.09778796,0.16645381,0.16645381,566000,train
0.00069368246,0.06690319,0.101587296,0.17023677,0.17023677,567000,train
0.0006981809,0.06699472,0.10190364,0.17057472,0.17057472,568000,train
0.00065688085,0.065276235,0.098120265,0.16678454,0.16678454,569000,train
0.0006757436,0.065984115,0.09977133,0.16841227,0.16841227,570000,train
0.00068270107,0.06582259,0.09995759,0.16856728,0.16856728,571000,train
0.000682928,0.06675994,0.10090645,0.16952063,0.16952063,572000,train
0.00065572787,0.06457765,0.09736398,0.16593519,0.16593519,573000,train
0.00069176435,0.06795157,0.10253968,0.17114642,0.17114642,574000,train
0.00071637006,0.069981694,0.105800055,0.17453359,0.17453359,575000,train
0.0007068149,0.06858147,0.10392225,0.17276238,0.17276238,576000,train
0.0006795172,0.066217124,0.100192964,0.16905077,0.16905077,577000,train
0.0006732997,0.06566962,0.09933469,0.16816017,0.16816017,578000,train
0.0006804818,0.066538796,0.10056298,0.16940174,0.16940174,579000,train
0.00066686043,0.0654166,0.09875962,0.16759376,0.16759376,580000,train
0.0006808545,0.067002095,0.101044886,0.16987087,0.16987087,581000,train
0.00068640773,0.066409536,0.10072996,0.16954833,0.16954833,582000,train
0.00071800046,0.06890519,0.10480531,0.17371109,0.17371109,583000,train
0.0006720822,0.06692493,0.10052903,0.16945937,0.16945937,584000,train
0.0006571035,0.06385267,0.09670786,0.16563512,0.16563512,584200,train
